Producto;Descripcion;Unidad;C. UNIT; C. UNIT.2 
601.02.017;BALON DE GAS CON ARGON 10 MT3;UND;17.80 ;17.79972727
602.01.424;CAPOTINES PARA LLUVIA TALLA L                               ;UND;16.95 ;16.949
801.15.1780;CAPUCHON RJ45 MANGA PROTECTORA PLUG RJ45 CAPUCHA RJR45;UND;74.66 ;74.66
605.02.984;BARRA REDONDA BRONCE SAE 65 DE 80MM EXT. X 40MM DE LARGO;UND;190.00 ;190
18.51.02.002;Remote Controller;UND;2,798.96 ;2798.955
501.01.201;"ARANDELA DE PRESION FN 3/16""";CIEN;0.98 ;0.0098
604.05.0222;CINTILLO DE 150 MM;CIEN;1.83 ;0.0183
501.02.204;"ARANDELA PLANA FN 3/16""";CIEN;1.88 ;0.0188
501.02.303;ARANDELA PLANA ZINC 3/8;CIEN;2.88 ;0.028829809
504.02.302;"TUERCA HEX ZINC 3/16""";CIEN;3.51 ;0.03507205
604.05.024;CINTILLO DE 200 MM;CIEN;5.20 ;0.052038437
505.02.008;"TIRAFON 1/4"" X 2""";CIEN;5.61 ;0.05614738
503.06.006;"STOVE BOLTS 3/16"" X 1 1/4"" CAB. PAN";CIEN;7.21 ;0.0721
603.01.923;"PERNO AUTOPERFORANTE Nº 14 X 1"" CAB.HEX. PUNTA BROCA C/ ARANDELA DE NEOPRENO";CIEN;13.19 ;0.13187436
604.05.093;CINTILLO DE 500MM;CIEN;14.00 ;0.14
606.01.903;TIZAS DE COLORES;CIEN;19.00 ;0.19
606.01.152;CHINCHES PUSH PINS CJA X 50 PCS;CJA;0.73 ;0.725714286
606.01.302;GRAPAS RAPID 26/6 X 5000 PCS;CJA;2.04 ;2.04
602.01.503;GUANTE DE NITRILO SEC-375-L MICROFLEX ANSELL T/L X 50 UND;CJA;51.25 ;51.25028235
409.18.767;ACEITE NEUMATICO CHESTERTON 652;GALON;621.24 ;621.235
409.18.769;ACEITE PARA TEMPERATURA -25º A 270ºC CHESTERTON 610MT PLUS;GALON;1,413.74 ;1413.74
605.03.554;SHAMPO PARA LAVADO DE AUTO;GL;10.20 ;10.19642857
10.42.001;QUITASARRO ECOLOGICO;GL;13.03 ;13.0343
606.03.015;BENCINA;GL;19.00 ;19
27.03.01.402;LID 402 - DESOXIDANTE PARA METALES NO FERROSOS;GL;38.50 ;38.5
601.01.019;ACEITE SHELL TELUS 68;GL;48.96 ;48.95612133
202.01.003;BASE ZINCROMATO;GL;49.00 ;49
605.03.651;REFRIGERANTE Y ANTIOXIDANTE;GL;54.44 ;54.44065
601.03.011;ACEITE MOBIL DTE 24;GL;81.80 ;81.798
201.03.003;PINTURA LIQ. AIRE TEKNOGLOSS AMARILLO;GL;94.80 ;94.8
201.03.002;PINTURA LIQ. AIRE TEKNOGLOSS ALUMINIO;GL;99.00 ;99
601.01.101;MEKANOL ( P/MATRICERIA );GL;141.41 ;141.4122361
608.01.379;SEPARADOR DE DOCUMENTOS A4 ALFABETICO A-Z;JGO;5.19 ;5.18739899
801.12.004;MACHO M4;JGO;11.15 ;11.15
801.12.005;MACHO M6;JGO;15.00 ;15
801.12.009;JUEGO DE MACHO DE ROSCAR M8;JGO;106.71 ;106.71
801.01.261;DETECTOR DE FISURAS (REVELADOR , PENETRANTE , LIMPIADOR );JGO;127.35 ;127.345
801.01.168;GONIOMETRO ( ESCUADRA DE COMBINACION );JGO;304.01 ;304.0106021
603.02.190;JUEGO BROCA HASTA DE 1/16 - 1/2;JGO;387.00 ;387
18.57.01.001;SPARES OF CHARGING SHELF;JGO;599.18 ;599.18
801.15.1533;DC Voltage Transducer: USD230.00/Set (Stocks);JGO;1,103.61 ;1103.61
801.15.1534;DC-DC Converter: USD260.00/Set (Stocks);JGO;1,247.53 ;1247.53
18.36.02.002;Charger 29.4-12A;JGO;1,354.85 ;1354.853333
18.48.01.003;Spared Battery W310 x L350 x H120mm;JGO;9,548.52 ;9548.5175
602.02.916;TRAPO INDUSTRIAL;KG;2.98 ;2.980622951
801.15.6991;Dyclor-90                                                           ;KG;3.11 ;3.110575
601.02.106;GAS CARBÓNICO CO2;KG;3.42 ;3.419008264
602.03.995.003;Solva - Concentrado alcalino con inhibidores de corrosión.;KG;3.62 ;3.6201
608.01.002;BOBINA DE CARTON CORRUGADO;KG;3.80 ;3.8
31.12.180.01;WELD 70S-6  1.00mm  15.00Kg;KG;4.52 ;4.52
606.02.003;DETERGENTE;KG;4.81 ;4.813007509
409.12.1124;BREA DURA INDUSTRIAL;KG;5.58 ;5.58
84.330.001;GRANALLA S-330;KG;5.63 ;5.62688
602.03.010;TRAPO INDUSTRIAL COLOR BLANCO 100 % ALGODON;KG;6.10 ;6.1
301.14.002;SOLDADURA AWS ER70S-6 (ROBOT SOLDADOR) - Nacional;KG;7.04 ;7.037391742
OCONS0104000033;ANTICORROSIVO TEMPORAL PT-25;KG;7.67 ;7.67115
602.02.912;PLUSOL;KG;8.06 ;8.059743538
601.03.012;DESENGRASANTE DE PIEZAS METALICAS MC40;KG;8.09 ;8.085367139
601.03.008;Solución selladora del fosfato de Hierro NB10;KG;9.50 ;9.501635877
601.03.007;Desoxidante de Hierro y Fosfatizante de Hierro P27;KG;10.73 ;10.7261194
301.01.002;SOLDADURA CELLOCORD 1/8 6011-OERLIKON;KG;13.02 ;13.021
801.15.5170;SULFATO ALUMINICO HI-1016;KG;14.64 ;14.63808
301.03.001;SOLDADURA SUPERCITO 1/8  7018;KG;17.60 ;17.6
801.15.5165;FOSFATO - HIPHOS F 2;KG;18.07 ;18.068773
801.15.5172;PASIVADOR  HICOAT 1;KG;19.76 ;19.7583
801.15.5166;DESENGRASANTE - HICLEANER NS 12;KG;28.77 ;28.76925
31.12.332;"SOLDADURA DE COBRE FOSFOROSO 3/32"" C/5% PLATA";KG;47.03 ;47.034
801.15.5168;ANTI ESPUMANTE HI-1013;KG;54.57 ;54.572
21.69.100.401.02;"Electrodo S-312.16(AW A5.4) HYUNDAI de 5/32 """;KG;74.44 ;74.435
801.15.5171;POLIMERO ANIONICO HIFLOC 1009;KG;77.70 ;77.7
31.10.03.001;FLUX AWS A5.31;KG;145.00 ;145
606.05.16;AGUA DESIONIZADA;LT;1.10 ;1.097462
601.03.005;DESENGRASANTE GC BLUE 2;LT;9.76 ;9.763333333
10.50.001;ALCOHOL ISOPROPILICO AL 53%;LT;11.44 ;11.44301285
27.1.05.002;ACEITE NDURANCE ROTO INJECT PN 1630 1146 00 ATALS COPCO;LT;99.88 ;99.875952
606.01.005;PAPEL BOND COPY INJECT PAPER A3 -75 GR;MIL;0.32 ;0.000324559
606.01.547;PAPEL BOND GRAPHOS A4 75 GR;MIL;18.27 ;0.018265443
19.02.01.001;GRAPA FE GALV A-16;MIL;20.34 ;0.020343704
608.01.355;"GRAMPA DE FE. GALV.3/4"" PARA ZUNCHO";MIL;25.14 ;0.025136667
608.01.351;GRAPA FE.GALV. PARA ZUNCHO 5/8;MIL;32.24 ;0.032244112
606.01.525;PAPEL FORM CONTINUO 9 7/8 X 11 X 1 CORTE 5 1/2 GAL;MIL;59.50 ;0.0595
608.01.510;PAPEL AUTOADHESIVO A-4;MIL;250.00 ;0.25
606.01.521;PAPEL FORM CONTINUO 9 7/8 X 11 X 3 GALLO CORTE 1/2;MIL;264.50 ;0.2645
14.04.80.002.01;TUBERÍA PEALPE 1418 COLOR AMARILLO;MT;1.33 ;1.334171
603.01.310;MANGUERA NEUMATICADE POLYURETANO 8MM;MT;2.36 ;2.3569
603.01.319;MANGUERA NEUMATICA  DE POLYURETANO  12MM;MT;3.65 ;3.6535085
603.01.1004;MANGUERA NEUMATICA/POLIURETANO 10MM;MT;3.81 ;3.808645727
604.01.010;CABLE 2 X 14 AWG VULCANIZADO INDECO;MT;4.18 ;4.175
604.01.1052;MANGUERA ESPIRAL DE 10 MM X 10 M;MT;4.41 ;4.41164004
13.01.18.001;CABLE NH-80 / 10 mm2 - PUESTA A TIERRA;MT;4.44 ;4.444857
604.01.117;CABLE THW 8AWG. 750VCA AISLAMIENTO PVC NEGRO;MT;5.21 ;5.2131
606.02.115;FRANELA;MT;5.51 ;5.5085
604.04.411;Cable TW Nº 10 AWG de 7 Hilos;MT;5.93 ;5.932
409.09.003;CADENA GALVANIZADA DE 5/32;MT;9.00 ;9
604.05.285;TERMINAL DE COMPRENSION DE COBRE P/CABLE DE 240 MM2;MT;9.75 ;9.746
603.01.093.01;"TUBERIA DE COBRE DE  1/4""";MT;10.92 ;10.92
801.15.1000.3;CABLE TIERRA PARA SOLDAR 1/0;MT;37.92 ;37.924
405.02.025;BARRA DE ALUMINIO CUADRADO 25 X 25;MT;150.00 ;150
15.92.01.001;MANGUERA DE LIMPIEZA 06/04 (GEMA – 100 854);MT;250.00 ;250
801.15.1741;CADENA TM37 SIFAP;MT;760.81 ;760.81
601.02.302;NITROGENO;MT3;6.50 ;6.5
13.02.18.007;CABLE NH-80 / 6 mm2;MT5;3.80 ;3.799
13.01.04.006;CABLE 2 X 18 AWG;MTS;2.90 ;2.9
603.02.429;TIRA ORING NITRILO 5.5 mm;MTS;6.78 ;6.78
801.15.1393;"CADENA GALV. 1/4"" X 1m";MTS;12.39 ;12.39
801.15.7051;CABO DE CONEXÃO DA SONDA RS 64/RS 44/RS 34 COD. RIELLO = 3003848;MTS;40.31 ;40.30958
19.04.02.015;CINTA ANTIDESLIZANTE DE SEGURIDAD 20 cm ancho, color negro;MTS;42.00 ;42
801.15.7050;CABO DE CONEXÃO DO ELETRODO RS 44(23)/RS 34(23) COD. RIELLO = 3003972;MTS;46.79 ;46.791
605.02.954.2;"BARRA DE COBRE Ø5/8"" x 2.40 mts";MTS;195.86 ;195.86
606.01.319;ETIQUETAS RECTANGULARES 23.5 X 76 MM (100 und);PAQ;1.33 ;1.32674
606.02.133;BOLSA NEGRA PARA BASURA DE 20X30;PAQ;7.67 ;7.670173913
10.29.1.01.75;BOLSA PARA BASURA N° 75;PAQ;20.38 ;20.375
606.02.170;BOLSA DE BASURA  DE 140 LITROS;PAQ;25.68 ;25.67693548
XS.07.100.05;TEMPLADOR P/VARILLA;PAR;0.58 ;0.28905
602.01.014;TAPONES DE OIDO;PAR;1.05 ;0.523324074
604.06.0006;PILA DOBLE  AA;PAR;5.17 ;2.584444444
604.06.0003;PILAS DURACCELL AAA;PAR;5.66 ;2.829677419
602.01.023;GUANTES DE JEBE IND.C/35;PAR;7.70 ;3.848433511
602.01.501;GUANTE MULTIFLEX CUT 5 STEELPRO;PAR;7.98 ;3.990502986
602.01.042;"GUANTES T/INGENIERO 10.5"" L-102745";PAR;14.40 ;7.199080712
602.01.026;MANGAS P/SOLDAR;PAR;15.72 ;7.857745
602.01.021;GUANTES DE CUERO  10.5 / L -102845;PAR;15.95 ;7.975138122
11.01.10.001;"GUANTE DE CUERO BADANA BLANCO 16"" (GUANTE TIG)";PAR;18.00 ;9
602.02.516;ESCOBILLAS DE CARBON 4.5 BOSCH;PAR;21.20 ;10.60034338
602.01.005;ESCARPINES DE CUERO;PAR;22.49 ;11.245
26.08.04.002;PILA  AA  - RECARGABLE;PAR;23.00 ;11.5
603.02.181;FAJA B-39 ( 17 x 990 );PAR;25.31 ;12.6525
601.01.14;FILTRO 2097, CONTRA POLVOS, HUMOS, GASES DE SOLDAD;PAR;26.14 ;13.06864114
602.02.551;"ESCOBILLA DE CARBON 7""";PAR;26.77 ;13.38436651
602.01.231;MANGAS RESISTENTES AL CORTE;PAR;28.00 ;14
601.01.14.01;FILTRO 7093 PARA PARTICULA 3M;PAR;29.50 ;14.75
602.01.020.16;"GUANTE P/SOLDAR 16""";PAR;32.00 ;16
14.25.01.10.100;VÁLVULA DE BOLA  P/AIRE COMPRIMIDO DE 1”;PAR;34.89 ;17.445
602.02.550;"ESCOBILLA DE CARBON 4 ½"" D-WALLT";PAR;37.90 ;18.949425
602.01.159;BOTA DE SEGURIDAD C/NEGRO TALLA 42;PAR;46.73 ;23.36327683
602.01.157;BOTA DE SEGURIDAD C/NEGRO TALLA 40;PAR;47.05 ;23.52533333
602.01.160;BOTA DE SEGURIDAD C/NEGRO TALLA 43;PAR;47.60 ;23.8
602.01.158;BOTA DE SEGURIDAD C/NEGRO TALLA 41;PAR;48.88 ;24.44032114
602.01.155;BOTA DE SEGURIDAD C/NEGRO TALLA 38;PAR;50.40 ;25.2
602.01.156;BOTA DE SEGURIDAD C/NEGRO TALLA 39;PAR;51.19 ;25.59557848
602.01.154;BOTA DE SEGURIDAD C/NEGRO TALLA 37;PAR;52.02 ;26.00819208
602.01.162;BOTA DE SEGURIDAD C/NEGRO TALLA 45;PAR;53.23 ;26.61404357
602.01.161;BOTA DE SEGURIDAD C/NEGRO TALLA 44;PAR;58.85 ;29.42625
602.01.391;GUANTE ANTIVIBRATORIO  A790 PORTWEST                            ;PAR;73.00 ;36.5
603.02.046;MANGA DE LONA D45 CM x 0.9 M;PAR;73.69 ;36.84333333
602.01.165;BOTA DE SEGURIDAD C/NEGRO TALLA 46;PAR;75.62 ;37.80833333
603.02.047;MANGA DE LONA D45 CM x 1.8 M;PAR;104.38 ;52.18937494
607.07.096;CABLE PUNTA DE PRUEBA PARA MULTIMETRO FLUKE;PAR;107.27 ;53.63499988
602.01.390;PROTECTOR METATARSAL DE ALUMINIO   ;PAR;162.00 ;81
13.98.01.012;"SEGURIDAD CABLE (PARACAIDAS) GUIAS DE 2 "" PARA PUERT HASTA 450 KG. REF. 25455";PAR;436.20 ;218.0975
801.15.1532;Acople de freno de motor dunkormotoren, Temp. 80°C;PAR;500.72 ;250.3575
29.27.01.005;"BUMPERS DE HULE 4"" X 10"" X 12""";PAR;508.91 ;254.4545263
29.27.01.002;TOPES TM 460.250 (460X250X80) - PAR;PAR;1,169.38 ;584.6881254
606.02.117;PAPEL TOALLA;RLLO;9.76 ;9.762796209
606.01.333;PAPEL PLOTTER 610 MM X 45.7M Q1396A;RLLO;23.20 ;23.2
85.04.600.002;FIBRA SINTETICA PARA ACERO INOX,  METAL UNIVERSAL, MADERA;RLLO;132.41 ;132.406667
OCONS0104000055;KLUBERTEMP HM 83-402 - 1KG;UIN;2,878.95 ;2878.95
.RAPL.60.0075.0085;PLACA 6.0mm X 0.075m X 0.085m;UND;0.00 ;0
.ESMTRB.25.001.001;"TAPA PARA RODAJE DE BOCINA DE 1 1/2"" X 33.0mm";UND;0.00 ;0
.ESMTR.25.0001.0001;"TAPA PARA RODAJE DE CORREDIZO DE 1 1/2"" X 9.00mm.";UND;0.00 ;0
26.94.01.006;ALAMBRE GALVANIZADO #12;UND;6.17 ;6.1748
 602.03.1300;ADAPTADOR 502 PARA FILTROS;UND;30.53 ;30.53
606.01.650;REPUESTO PARA CUTTER-CUCHILLO;UND;2.04 ;2.04
53.1.10.005.3;ARANDELA PLANA ZINC M5;UND;0.01 ;0.014425
52.1.20.005.2.1;TUERCA HEX FN  M5;UND;0.02 ;0.022885636
57.01.400.1900.1;TORNILLO PUNTA BROCA 4 X 19 MM MARCA ALCON HEAD POZI;UND;0.04 ;0.044068
.ESTC.503.04.555;"TUERCA HEX ZINC 3/8"" GR-5";UND;0.05 ;0.049
505.03.006;"TARUGO DE PLASTICO 1/4""";UND;0.06 ;0.059414627
502.01.014;"AUTORROSCANTE 1/4"" X 1 1/4"" CAB. ESTRELLA";UND;0.06 ;0.062826965
604.05.0300;CINTILLO DE 300 MM;UND;0.08 ;0.075
504.03.003.01;TUERCA  HEXAGONAL  M-3;UND;0.08 ;0.075
801.15.378;"GOLILLA, PLANA, REDONDA, ACERO GALV., 3/4""";UND;0.08 ;0.079091
604.05.252;TERMINAL TIPO HORQUILLA AISLADA 14-16AWG X 3/16;UND;0.08 ;0.08
53.1.20.012.8;ARANDELA DE PRESION FN M12 GR-8;UND;0.08 ;0.082998747
603.02.244;TERMINAL TIPO PUNTA P/CABLE #8AWG;UND;0.09 ;0.091
801.15.1558;CINTILLO DE 380MM;UND;0.09 ;0.09201
14.36.01.002;ABRAZADERAS DE PPR PARA PEALPE 1418;UND;0.10 ;0.096946
604.05.192;"CONTRATUERCA CONDUIT DE 1/2""";UND;0.14 ;0.135225
801.01.162;"PASADOR Ø 1/8"" (MANIJA)";UND;0.15 ;0.15241254
21.29.02.002;PASADOR ALETA 4 MM X 40 MM;UND;0.17 ;0.174369
606.01.559;SOBRE MANILA GALLO OFICIO;UND;0.19 ;0.186
606.01.323;PAPEL LUSTRE COLOR VERDE;UND;0.19 ;0.19
606.01.507;PAPEL LUSTRE COLOR TURQUEZA;UND;0.20 ;0.196499248
606.01.461;HOJA MEMBRETADA A4 - LOGO ESTANTERIAS;UND;0.20 ;0.199028571
606.01.007;PAPEL LUSTRE COLOR ROJO;UND;0.20 ;0.2
606.01.531;PAPEL LUSTRE COLOR AZUL;UND;0.20 ;0.201818182
603.01.254;ANILLO SIGER CIRCULAR SOBRE EJE Ø INT 10.2 ESP 1.10;UND;0.21 ;0.208149965
503.04.409;"PERNO HEX ZINC 1/2"" X 1 1/2"" GR-5";UND;0.21 ;0.209779357
604.06.016;"ABRAZADERA (GRAPA) FE GALVANIZADA 1 OREJA 3/8""";UND;0.21 ;0.212
501.02.212.01;"ARANDELA PLANA FN 5/8"" GR-8";UND;0.23 ;0.225
604.01.070;"ABRAZADERA FE- GALV. DE DOS OREJAS  3/4""";UND;0.24 ;0.237288
604.01.025;ABRAZADERAS DE UNA OREJA DE 1/2;UND;0.25 ;0.2542
53.1.20.016.8;ARANDELA DE PRESION FN M16 GR-8;UND;0.26 ;0.260346
606.01.453;LAPIZ FABER CASTELL 2B;UND;0.27 ;0.27
603.01.470;Seguro seeger  de 11mm P/exterior;UND;0.29 ;0.291
604.04.463;"CONECTOR DE CAJA PVC SAP  1/2""";UND;0.29 ;0.291428571
603.02.340.2;PIN DE EXPANSION 1/8;UND;0.30 ;0.3
608.01.504;MODELO ADHESIVO DE SEGURIDAD;UND;0.35 ;0.346330749
606.01.597;LAPICERO FABER CASTELL TRILUX 035 NEGRO;UND;0.35 ;0.35
606.01.596;LAPICERO FABER CASTELL TRILUX 035 COLOR AZUL;UND;0.35 ;0.35
602.02.001.1;"ABRAZADERA CON 1 OREJA  1/2""";UND;0.36 ;0.360784314
801.15.362;"PERNO, CABEZA REDONDA, ACERO GALV., 3/8""-16, x 1-1/2""";UND;0.39 ;0.393797
602.01.019;LUNA TRANSPARENTE PARA SOLDAR;UND;0.41 ;0.408205714
606.01.337;PLANILLAS DE MOVILIDAD;UND;0.41 ;0.413333333
13.05.06.14.002;TERMINAL TIPO FASTÓN HEMBRA ENCAPSULADO / CALIBRE # 12;UND;0.42 ;0.416415094
52.1.20.014.2.1;TUERCA HEX FN M14 GR-2;UND;0.42 ;0.423667
602.02.020;"ABRAZADERA DE 3/4"" - 01 OREJA";UND;0.42 ;0.424
21.19.1.031.055.6;ORING KASTAS  Ø ext 14 m Øint 9.5 mm alt. 2.3mm;UND;0.42 ;0.424
13.05.42.12.004;TERMINAL TIPO PIN AISLADO SOBREMOL  CALIBRE 10 AWG;UND;0.43 ;0.434972171
404.02.008;"TUERCA DE ALEACION ALUMINIO CONDUIT 1/2""";UND;0.45 ;0.45
604.04.462;"CONECTOR DE CAJA PVC SAP 3/4""";UND;0.45 ;0.45
603.02.340.1;PIN DE EXPANSION 1/4;UND;0.50 ;0.5
409.12.1030;UNION PVC SAP  3/4;UND;0.50 ;0.5
409.12.1029;UNION PVC SAP 1/2;UND;0.50 ;0.5
602.02.018;"ABRAZADERA P/TUBO DE PVC- Ø 1 1/2""";UND;0.51 ;0.51
404.02.150;Union simple FN ½” x 150 lbs;UND;0.58 ;0.579
13.36.01.240.003;UNION DE CABLE 8 AWG;UND;0.59 ;0.5855
606.01.555;MICAS (PORTAPAPELES) A-4 VINIFAN;UND;0.59 ;0.588666667
604.04.076.4008;DIODO IN4007;UND;0.60 ;0.6
608.01.304;CINTA TEFLON;UND;0.61 ;0.609174312
409.12.1031;"UNION PVC SAP 1""";UND;0.61 ;0.611106
605.04.151;Codo FN 90º X ½” x 150 lbs;UND;0.64 ;0.639333
604.05.179;"CONTRATUERCA CONDUIT DE 1""";UND;0.65 ;0.649
604.01.419;PRENSAESTOPA DE PVC PG-11;UND;0.67 ;0.67
606.01.911;REGLA DE 30 cms.;UND;0.67 ;0.67
604.05.101;CURVA PVC 3/4;UND;0.68 ;0.677187578
604.02.124;TAPAS CIEGAS PARA TABLERO DE DISTRIBUCION;UND;0.70 ;0.7
13.36.01.240.004;UNION DE CABLE 6 MM2;UND;0.70 ;0.703
503.04.570;Perno M24 paso 3 x 150 mm;UND;0.75 ;0.748333
604.04.461;"CONECTOR DE CAJA PVC SAP 1 1/2""";UND;0.76 ;0.757955215
603.02.307;ORING  Øint 8mm esp. 2mm;UND;0.78 ;0.7835
26.94.01.001;"CAPUCHON TIPO SOMBRERO P/FIERRO 1""";UND;0.79 ;0.788285714
21.19.1.615.501;ORING øEXT 35.32MM  X øINT 28.17MM ESP X 3.53MM;UND;0.80 ;0.795
409.12.1079;LIJA AL AGUA # 240;UND;0.80 ;0.8
604.05.39;VIROLA DE BRONCE DE 1/4;UND;0.80 ;0.8
606.07.014;FUSIBLE 0.5A, CILINDRO DE VIDRIO (250VAC);UND;0.80 ;0.8
13.24.06.006;FUSIBLE CERAMICO 10X38 DE 10AMP. 500V.;UND;0.80 ;0.8
604.05.133;"TUERCA DE ALEACION ALUMINIO CONDUIT DE 1""";UND;0.81 ;0.8125
602.02.005;"ABRAZADERA 1"" DE 2 OREJAS";UND;0.82 ;0.824815751
606.01.601;CINTA ADHESIVA PEGAFAN 3/4 X 36 YDAS CRISTALINO;UND;0.83 ;0.83
21.19.1.031.055.5;ORING KASTAS  Ø ext 31.5 m Øint 25 mm alt. 3.3mm;UND;0.85 ;0.847333
21.19.1.031.055.4;ORING KASTAS  Ø ext 34.5 m Øint 27.5 mm alt. 3.3mm;UND;0.85 ;0.847333
606.01.570;ESTUCHE DE CD;UND;0.85 ;0.8544
606.01.528;CAJA X 100 UND DE CLIPS Nº 01 WINGO;UND;0.86 ;0.86
606.01.455;CORRECTOR LIQUIDO FABER CASTELL 7 CM3;UND;0.88 ;0.883448276
XS.07.100.11;CONECTOR P/ENGRANAJE;UND;0.90 ;0.8962
409.12.949;LENGUETA DE AL P/ADAPTADOR CERRADURA;UND;0.90 ;0.9
XS.07.100.07;SOPORTE P/ENGRANAJE;UND;0.93 ;0.9322
14.14.30.014.014;"NIPLE G 1/4"" A G 1/4""";UND;0.95 ;0.94900463
930.01.100.0002;MANIJA PARA STOCKA JRM-HANDLE EVER;UND;0.96 ;0.964
604.05.056;"CODO DE PVC DE 2"" X 90º";UND;0.98 ;0.979457988
409.12.1078;LIJA AL AGUA #180;UND;1.00 ;1
13.45.01.004;RESISTENCIA 10 K OHM -1 W;UND;1.00 ;1
603.02.382;ORING Ø EXT 46 X Ø INT 38 X ESPESOR 4 MM;UND;1.02 ;1.016912
606.01.564;"BINDER DOBLE CLIP 1"" (25MM)";UND;1.07 ;1.07
XS.06.100.01;MANIJA P/ FORRO;UND;1.09 ;1.09
13.24.04.002;FUSIBLE 1A;UND;1.09 ;1.0921875
402.02.0010;BRIDA DE ALUMINIO PARA PARANTE DE 33mm.;UND;1.09 ;1.092417
606.07.013;FUSIBLE 2A, CILINDRO DE VIDRIO (250VAC);UND;1.10 ;1.1
603.02.437.10;ORING KO-0203024i INTERIOR 20.30 MM ESPESOR 2.40 MM;UND;1.13 ;1.13013
801.15.227.1;"PERNO CABEZA HEXAGONAL 3/8 X 6"" GR 12";UND;1.14 ;1.136
20.83.03.012.018;CANDADO PASO ½” X 1/8” C/ CLIP SEMICERRADO 081;UND;1.16 ;1.164417222
501.01.320;"ABRAZADERA P/RIEL UNIESTRUT DE Ø 1 ½ "" SAP";UND;1.19 ;1.189942073
602.02.613;LIJA P/FIERRO #100;UND;1.20 ;1.1967228
504.02.331;TUERCA HEX FN M24;UND;1.22 ;1.21760946
606.02.149;LIJA P/ FIERRO # 120;UND;1.25 ;1.254541
606.01.020;TINTA PARA TAMPON ARTESCO COLOR ROJO;UND;1.26 ;1.2611112
603.01.915;AISLADORES P/TOBERA;UND;1.26 ;1.264225714
603.02.295;ORINGS Ø INT 20x3MM;UND;1.27 ;1.27
604.05.115;TEE 3/8 GALVANIZADO;UND;1.27 ;1.27125
603.02.437.12;ORING KO-0320030i  INT Ø32 X EXT Ø 38 MM X ESP 3 MM;UND;1.27 ;1.271667
604.05.050.01;CONECTOR RECTO EMT 3/4;UND;1.29 ;1.29454382
602.02.605;LIJA AL AGUA #150;UND;1.30 ;1.3
603.01.1075;Niple FN de ½” x 4” Sch 80;UND;1.33 ;1.33
602.02.604;LIJA AL AGUA #120;UND;1.34 ;1.335341471
602.01.017;LUNA NEGRA PARA SOLDAR # 11;UND;1.35 ;1.345249875
605.02.703;"CODO SEL Ø 1"" PVC";UND;1.35 ;1.35
606.01.305;SACAGRAPAS ARTESCO;UND;1.35 ;1.35
602.01.018;LUNA NEGRA PARA SOLDAR # 12;UND;1.36 ;1.358177778
604.01.435;Conector Recto 1/2 Para Manguera Corrugada Metalica;UND;1.36 ;1.361
603.02.437.11;ORING KO-0116024i  DI 11.60 MM X ESP 2.40 MM - ALIMENTADOR RF01;UND;1.36 ;1.36465
602.02.607;LIJA P/FIERRO #80;UND;1.40 ;1.4
604.02.002;"CONECTOR DE PVC A CAJA SAP DE 2""";UND;1.40 ;1.4
604.02.009;PRENSAESTOPA PVC PG-13.5  WIR  (IP-66);UND;1.42 ;1.417
603.01.902;NIPLE GALVANIZADO 1/2;UND;1.45 ;1.451768889
21.19.1.031.350;ORING Ø EXT 38 X Ø INT 31 ESP 3,5 MM;UND;1.49 ;1.4877
602.01.041;BARBIQUEJO P/CASCO VESATIL 90213;UND;1.50 ;1.5
604.05.320;TAPON ROSCADO C/HEXAGONO INT DE 3/4;UND;1.50 ;1.5
606.01.457;RESALTADOR FABER CASTELL TEXTLINER 48 AMARILLO;UND;1.50 ;1.5
606.01.458;RESALTADOR FABER CASTELL TEXTLINER 48 NARANJA;UND;1.50 ;1.5
606.01.459;RESALTADOR FABER CASTELL TEXTLINER 48 VERDE;UND;1.50 ;1.5
21.19.1.038.300;ORING ØINT 38 X 3.0 MM - RF-001;UND;1.51 ;1.506666667
604.03.424;Tapa Ciega Circular;UND;1.51 ;1.509167
606.01.520;TAJADOR DE METAL C/DEPOS ARTESCO;UND;1.52 ;1.52
409.99.111;"CERROJO  SIMPLE  3""";UND;1.53 ;1.52542
606.01.312;GOMA EN BARRA 21gr;UND;1.54 ;1.536786919
13.05.2.115;PRENSA ESTOPA PVC PG-19;UND;1.55 ;1.55
602.02.603.1;LIJA DE AGUA N° 600 (PLIEGO);UND;1.57 ;1.567
409.12.973;TAPA CIEGA 4 X2 METAL;UND;1.57 ;1.571333
602.02.004;"ABRAZADERA 2"" DE 2 OREJAS";UND;1.60 ;1.597391743
606.01.565;POST IT 3 X 3 N° 654 X 100H 3M VERDE;UND;1.60 ;1.6
606.01.512;POST IT 3 X 3 N° 654 X 100H 3M;UND;1.60 ;1.6
606.01.563;POST IT 3 X 3 N° 654 X 100H 3M CELESTE;UND;1.60 ;1.6
604.05.139;"CURVA PVC SAP 1""";UND;1.62 ;1.618236
604.06.020;"TEE ROSCADO PVC 1""";UND;1.62 ;1.618571429
503.01.607.01;"PERNO SOCKET 1/2 "" X 5"" 1/4";UND;1.63 ;1.6325
605.02.105;"UNION CONDUIT DE 1""";UND;1.66 ;1.6559
605.02.006;"UNION GALV. 3/4"" CONDUIT";UND;1.68 ;1.682070707
21.19.1.031.354.03.1;ORING PARKER 2-230   Ø 63.09 X 70.15 MM X 3.5 MM RF-001;UND;1.69 ;1.694915
602.02.606;LIJA P/FIERRO #40;UND;1.76 ;1.757
13.24.06.001;FUSIBLE CERAMICO 10X38 MM 1A;UND;1.80 ;1.8
603.04.025;"CONECTOR NEUMATICO RECTO 1/8"" NPT P/MANGUERA 8MM";UND;1.83 ;1.825199074
604.05.280;"CAJA RECTANGULAR DE 4X2X2 CON AGUJERO DE 3/4""";UND;1.83 ;1.831052474
603.02.439.2;ORING Ø INT 28 MM X EXT 32MM ESP. 2.5;UND;1.87 ;1.866667
13.24.06.002;FUSIBLE CERAMICO 10X38 MM 2A;UND;1.87 ;1.87439996
605.02.738;UNION MANGUITO GTY - 25;UND;1.87 ;1.874444167
13.24.06.003;FUSIBLE CERAMICO 10X38 MM 4A;UND;1.88 ;1.878163204
606.01.454;PLUMON INDELEBLE GRUESO FABER 23;UND;1.88 ;1.88
409.09.011.001;"Candado para cadena paso 3/4"" ASA 60 - 1R";UND;1.89 ;1.885
409.12.966;"CONECTOR ACAJA PVC SAP DE 1""";UND;1.90 ;1.902583458
606.01.582;CAJA x 12 UND. DE CLIPS WINGO - GRANDE;UND;1.92 ;1.919353846
13.05.2.112;BORNERA RIEL DIN 4 MM2;UND;1.92 ;1.923181818
606.01.201;CUADERNO LORO CUADRICULADO PEQUEÑO;UND;1.95 ;1.95
13.24.06.004;FUSIBLE CERAMICO 10X38 MM 32A;UND;1.95 ;1.95439996
14.04.80.003.01;TUBERÍA PEALPE 2025 COLOR AMARILLO (M);UND;2.00 ;1.99665
606.02.061;PINCEL # 10;UND;2.00 ;2
409.99.129;"BISAGRA FIJA LIVIANA FIERRO 1.1/2"" X 1""";UND;2.00 ;2
13.45.01.005;RESISTENCIA 47 OHM - 5 W;UND;2.00 ;2
503.01.610.01;"PERNO SOCKET 1/2 X 2 1/2"" GR-8";UND;2.05 ;2.0541
604.06.046;"TAPON MACHO 1/2"" GALVANIZADO";UND;2.05 ;2.054761905
51.2.22.012.0100.8.1;PERNO ALLEN FN CAB AVELLANADA M12 x 100MM GR-8;UND;2.09 ;2.0875
604.04.071;BORNERA DE FUERZA P/CABLE Nº 08;UND;2.10 ;2.1
504.03.010;TUERCA HEX FN M30 X 1.5 GR-8;UND;2.12 ;2.11995
409.05.004;"Tee Galvanizado 3/4""";UND;2.12 ;2.12
602.03.906;"ESPARRAGO ZINC DE Ø3/8"" X 1 MT";UND;2.13 ;2.125422
503.03.291;"PERNO EXPANSOR ZINC 1/2"" X 3""  C /TUERCA Y";UND;2.13 ;2.127033
14.07.80.002;UNIÓN NORMAL PEALPE GRAFADO 1418;UND;2.19 ;2.191456017
606.02.147;PLUMERO;UND;2.20 ;2.203
604.02.020;"CONECTOR RECTO HERMETICO 3/4""";UND;2.24 ;2.236034
14.27.01.100;TAPÓN GALV DE 1”  (MACHO);UND;2.25 ;2.246666667
606.01.581;CAJA x50 UND DE CLIPS  WARRIOR - MEDIANO;UND;2.25 ;2.254029554
409.18.765;CONECTOR NEUMATICO RECTO UNION 8 MM                                           ;UND;2.27 ;2.266166667
604.01.1036;"Curvas PVC SAP de 1 1/2"" x 90º";UND;2.29 ;2.29
14.03.20.290;PRENSAESTOPA PG-29;UND;2.29 ;2.29
20.90.07.007;Bushing FN de 1” x ½” x 300 lbs;UND;2.32 ;2.322
603.01.065;CONTAC TIP M6 0.8mm BINZEL;UND;2.33 ;2.327999957
608.01.301;CINTA DE EMBALAJE  -100YARDAS;UND;2.38 ;2.379
603.01.065.01;CONTACT TIP M 8 -1.0 (.040 ) L = 28mm ECu;UND;2.39 ;2.390033333
603.02.447;ORING 2x12 NBR70;UND;2.40 ;2.4
405.01.013;"FIERRO REDONDO TREFILADO 3/4"" X 128 MM";UND;2.40 ;2.4
606.01.414;MOTA P/PIZARRA OMEGA COD 21030;UND;2.40 ;2.4
603.01.022;DIFUSOR DE GAS MB-38 H.D;UND;2.41 ;2.408
603.01.003;BOQUILLA SAGOLA DE ABANICO;UND;2.45 ;2.45
606.07.019;FUSIBLE DE CARTUCHO TIPO UÑA  30 A - 32 V;UND;2.46 ;2.46
606.07.017;FUSIBLE DE CARTUCHO TIPO UÑA  20 A - 32 V;UND;2.46 ;2.46
606.07.018;FUSIBLE DE CARTUCHO TIPO UÑA  25 A - 32 V;UND;2.46 ;2.46
503.03.250;PERNO HEXAGONAL FN M16 x 45mm, PASO 2;UND;2.49 ;2.4855
21.19.1.038.350;ORING ØINT 38 X 3.5 MM - RF-001;UND;2.49 ;2.491519936
603.02.446;ORING 2x29 NBR70;UND;2.50 ;2.5
602.02.070;"ABRAZADERA P/RIEL UNIESTRUT 1""";UND;2.50 ;2.5
603.02.445;ORING 2x50 NBR70;UND;2.55 ;2.5525
13.23.05.002.03;CLIP DE RETENC. PLASTICO /CR-MH/ABB;UND;2.56 ;2.556
18.01.2.4.060;CLIPS UF PARA ROLDANAS H=60MM;UND;2.56 ;2.559782717
14.07.71.100;UNION RECTA GALV  1”;UND;2.56 ;2.56
51.2.20.120.4000.2.1;"PERNO ALLEN FN 1/2"" X 4"" GR-2";UND;2.57 ;2.5656774
503.01.279.014;PERNO SOCKET M16 X 50 MM (  PASO 2 MM   HILO CORRIDO );UND;2.63 ;2.631667
606.01.609;PORTA LAPICERO;UND;2.64 ;2.639259259
603.02.514;NOZZLE TIP, MARCA.GZ INTERNATIONAL;UND;2.65 ;2.649581
603.01.197;PUNTA DE CONTACTO 0.8 MM (0.35) - ROBOT JRM;UND;2.67 ;2.670333
603.04.092;"CONECTOR NEUMATICO RECTO 1/8"" NTP P/MANGUERA 6MM";UND;2.70 ;2.7
503.04.571;Tuerca M24 paso 3;UND;2.71 ;2.705676051
605.02.007.01;UNION NEUMATICA PARA MANGUERA DE 4 MM;UND;2.77 ;2.766
604.02.036;REDUCCION Ø 1 1/2 A 1/2;UND;2.80 ;2.8
606.01.541;PLUMON ACRILICO GRUESO FABER CASTELL 123 COLOR NEGRO;UND;2.82 ;2.82
606.01.539;PLUMON ACRILICO GRUESO FABER CASTELL 123 COLOR AZUL;UND;2.82 ;2.82
606.01.540;PLUMON ACRILICO GRUESO FABER CASTELL 123 COLOR ROJO;UND;2.82 ;2.82
606.01.589;PLUMON ACRILICO GRUESO FABER CASTELL 123 COLOR VERDE;UND;2.83 ;2.83
606.01.031;ESPONJA PARA DEDOS;UND;2.88 ;2.875555556
603.01.020;PORTA PUNTA DE CONTACTOCORTO TBI-38;UND;2.90 ;2.895
603.05.019;DISTANCIADOR Ø4/4, 8/4, 8mm, PA (GEMA 263508);UND;2.90 ;2.895
13.35.02.025;BORNERA DE PASO PVC 2.5mm2;UND;2.97 ;2.968333333
608.01.302;"CINTA MASKINGTAPE DE 1""";UND;3.00 ;3
801.15.1444;ORING ØINT 16 MM ØEXT 20 MM ESPESOR 2 MM;UND;3.01 ;3.007
20.340.37700.02;"STRAIGHT CONNECTOR P/TUBERIA CU 3/4"" C-37700 (NTP 342.003)";UND;3.02 ;3.020178733
20.90.63.003;Connector Crop for Chains  ISO-08B;UND;3.05 ;3.04875
14.07.61.100;UNION TIPO TEE GALV  1”;UND;3.06 ;3.0625
604.05.176;ACCESORIO P/CANALETA DE PISO DEXSON 60 X 13 GRIS;UND;3.08 ;3.08375
604.01.437;Conector Curvo 1/2 Para Manguera Corrugada Metalica;UND;3.10 ;3.1
14.12.02.008;CONECTOR RACOR (TIPO UNIÓN) #8;UND;3.12 ;3.11900463
503.03.204;"PERNO EXPANSOR 5/8"" X 4 1/2"" POWERS  TUERCA y ARANDELA";UND;3.14 ;3.142667
602.01.103;CORTAVIENTOS PARA CASCO.;UND;3.21 ;3.213809886
606.02.080;BETUN DE COLOR NEGRO;UND;3.22 ;3.22
409.99.108;"BISAGRA DE CERRAJERIA 1/2"" X 4""  (2 ALAS)";UND;3.25 ;3.245366492
606.01.906;TIJERA;UND;3.28 ;3.28
604.01.1023;Curvas conduit de 1 x 90º;UND;3.30 ;3.2966
14.12.20.060;CONECTOR NEUMÁTICO TIPO “Y”  P/MANGUERA DE 06MM.;UND;3.32 ;3.323
14.12.22.060;CONECTOR NEUMÁTICO ROSCA M5 90° ORIENTABLE  MANGUERA 06 MM;UND;3.32 ;3.323884615
21.18.02.0003;CERRADURA MEJORADA PARA GABINETES METÁLICOS MODELO JRM;UND;3.35 ;3.350506355
14.12.50.060;"CONECTOR NEUMÁTICO CURVO G 1/4"" P/MANGUERA DE 06MM.";UND;3.35 ;3.352
14.07.10.112;"UNION GALV. 1 1/2"" CONDUIT";UND;3.39 ;3.386363636
606.01.308;PORTA CLIPS C/IMAN ARTESCO;UND;3.40 ;3.400714286
409.09.009;CADENA 825.5 MM (65 ESLABONES);UND;3.46 ;3.4624
XS.08.100.068;CADENA DE 68 RUEDAS P/CORREDIZO;UND;3.47 ;3.469
602.02.402;"DISCO CORTE 4 1/2"" x 3 mm";UND;3.48 ;3.476851058
606.02.018;ENCENDEDORES (VARIOS);UND;3.50 ;3.5
606.02.060;PINCEL # 6;UND;3.55 ;3.55
13.24.05.001;PORTA FUSIBLE P/CHASIS / TIPO CARTUCHO AMERICANO;UND;3.57 ;3.567394541
605.03.461;"TEE DE 1"" GALVANIZADO";UND;3.65 ;3.649333
604.01.136;"CONECTOR HERMÉTICO CURVO CONDUIT DE1/2""";UND;3.67 ;3.674765574
606.07.015;FUSIBLE DE CARTUCHO TIPO UÑA 2 A - 32 V;UND;3.69 ;3.69
606.07.016;FUSIBLE DE CARTUCHO TIPO UÑA 4 A - 32 V;UND;3.69 ;3.69
603.04.077;"CONECTOR NEUMATICO ""Y"" P/MANGUERA DE 8MM";UND;3.71 ;3.711
603.01.1065;Niple FN 1” x 3” Sch 80;UND;3.75 ;3.75
604.05.296;"UNION UNIVERSAL DE PVC ROSCADO SAP Ø 1""";UND;3.76 ;3.76
409.09.028;MEDIO PASO PARA CADENA ASA 60;UND;3.77 ;3.77
13.35.10.100;BORNERA DE RIEL 10MM;UND;3.80 ;3.8
20.90.07.006;Bushing FN de 1” x ½” x 150 lbs;UND;3.80 ;3.801428571
606.01.001;ARCHIVADOR L/ANCHO GRANDE NEGRO;UND;3.81 ;3.809090909
51.2.22.016.0092.13;PERNO ALLEN FN CAB AVELLANADA M16 x 100MM GR-8;UND;3.83 ;3.828266667
606.01.325;CUTTER -  CUCHILLO;UND;3.85 ;3.85
602.01.217;MASCARILLA KN95;UND;3.87 ;3.870060382
404.01.007;"Union Universal 3/4"" galvanizado";UND;3.91 ;3.912901064
604.05.260.01;"CODO 90 RL Ø1-1/2""";UND;3.93 ;3.929292929
603.02.903;DIFUSOR DE GAS CERAMICO PARA PISTOLA MB - 24;UND;3.96 ;3.959133681
15.19.03.029;RODAMIENTOS 6901;UND;3.97 ;3.972917
13.05.2.103;TERMINAL TIPO TUBULAR AISLADAS 2.5 MM2;UND;4.00 ;4
14.01.4.2.100.100.10;Caja de paso FG 100x100x100mm;UND;4.00 ;4
20.340.37700.01;"METER CONNECTOR P/TUBERIA CU 3/4"" C-37700 (NTP 342.003)";UND;4.02 ;4.022744004
603.02.369;ORING  Øext 10mm Øint 5mm alt. 1.5mm;UND;4.04 ;4.039
602.02.580;ESCOBILLA PARA ZAPATO;UND;4.07 ;4.07
604.05.317;UNION TIPO CODO 90º P/MSANGUERA # 12;UND;4.07 ;4.074167
12.02.02.077;BROCA P/FE 7.7MM;UND;4.10 ;4.09933642
604.05.261;"CODO PVC SAP Ø 1 1/2""";UND;4.16 ;4.160375
21.19.1.031.354.03;ORING PARKER 2-158  ( D.I. 120.32  D.E. = 125.56  ESP. = 2.62 );UND;4.23 ;4.2296558
21.19.1.115.561;ORING Ø EXT. 120 Ø INT. 114 Ø esp. 3 MM;UND;4.23 ;4.23
603.02.385;ORING Ø EXT 126 X Ø INT 120 ESP 3 MM;UND;4.24 ;4.236667
603.02.246.1;ORING Ø EXT. 120  Ø esp. 2 MM;UND;4.24 ;4.24
603.02.294.03;V-RING V-60 PAT;UND;4.24 ;4.24
904.18.754;RETEN 20-34-7;UND;4.28 ;4.28
606.01.299;CUADERNO DE CARGO;UND;4.30 ;4.3
602.02.403;DISCO DESBASTE 4 1/2 X 1/4 X 7/8;UND;4.33 ;4.329401379
604.06.043.01;TAPON CIEGO DE 3/4 - ROSCABLE;UND;4.34 ;4.34
9.38.1.02;TABLERO PORTA DOCUMENTOS DE MADERA;UND;4.36 ;4.36
603.01.519;RODAMIENTO 6001 2Z;UND;4.39 ;4.38938183
604.01.056;"CINTA AISLANTE VINILICA  3/4""";UND;4.41 ;4.40625
13.35.03.616;BORNERA DE PASO P/RIEL DIN P/CABLE #6 AWG 16mm2;UND;4.44 ;4.440570588
602.02.010;"ABRAZADERA Ø 6""";UND;4.47 ;4.472189364
603.04.099;CONECTOR NEUMATICO REDUCCION RECTA RACOR 10 mm - 6 mm;UND;4.48 ;4.4775
603.01.089;Placas Cerámicas 132 x 92 x 12;UND;4.49 ;4.491539683
602.02.509;ESCOBILLAS DE CERDA DE PLASTICO;UND;4.50 ;4.5
409.12.953;CONECTOR ESPIGA 1/8 NPT X1/4 ESPIGA BRONCE;UND;4.50 ;4.5
603.01.940;EMPAQUETADURA Øint.13 x Øext.28 x esp.1.5mm;UND;4.50 ;4.5
26.08.03.151;PILA PARA CALIBRADOR CR2032 3V LITHIUM CELL;UND;4.50 ;4.5
801.15.1443;ORING ØINT 8 MM ØEXT 10 MM ESPESOR 1 MM;UND;4.51 ;4.510714
81.01.0412.116;"DISCO CORTE 4 1/2"" X 1/16"" X 7/8""  (115 X 1.6 MM)";UND;4.58 ;4.581036679
409.99.928;ASA TIPO TINA;UND;4.66 ;4.661
409.09.008;CADENA 1117.6 MM (88 ESLABONES);UND;4.68 ;4.6827
603.01.234;JUNTA TORICA REDONDA 12 X 1.5 MM. (1000 822);UND;4.73 ;4.730000094
603.02.148;CHUMACERA UCP204-20;UND;4.74 ;4.7395
21.19.1.615.500;ORING Ø EXT 71 X Ø INT 61,5 ESP 5 MM;UND;4.82 ;4.820148
602.02.430;"Disco de corte 4 1/2"" x 11/16""";UND;4.85 ;4.854622452
606.01.004;ARCHIVADOR L/DEALGADO GRANDE NEGRO;UND;4.87 ;4.87
602.01.78;TRAPEADOR T/TOALLA;UND;4.87 ;4.8725
19.04.03.001;CINTA DE EMBALAJE 48MMX100M C/ LOGO JRM ENERGÍA;UND;4.89 ;4.885486
603.01.890;EMPAQUETADURA Øint.10 x Øext.28 x esp.1.5mm;UND;4.90 ;4.9
603.02.294.01;V-RING VA-30;UND;4.91 ;4.905
10.56.01.001;DESATORADOR PARA BAÑO;UND;4.91 ;4.9135
14.12.23.060;"CONECTOR NEUMÁTICO RECTO G 1/4"" P/MANGUERA DE 06MM.";UND;4.92 ;4.9215
801.12.013;LLAVE ALLEN 6MM;UND;4.94 ;4.941049877
409.12.937;PUNTAS DE CONTACTO PARA MIG  ( 63-1135 );UND;4.95 ;4.952424188
602.02.416;"DISCO CORTE 7"" X 1/16"" X 7/8"" (180 X 1.6 MM)";UND;4.98 ;4.977988115
602.01.073;REPUESTO PARA CARETA DE ESMERILAR;UND;5.00 ;5
26.58.02.003;PINTURA EN SPRAY COLOR AZUL;UND;5.00 ;5
26.58.02.002;PINTURA EN SPRAY COLOR NARANJA;UND;5.00 ;5
21.19.1.031.350.01;ORING  ØINT 32 -38 -3;UND;5.00 ;5
606.01.027;"BINDER VIKINGO 2"" (51mm)";UND;5.00 ;5
13.26.01.0401;AMPOLLETA HALOGENA 500W (118MM) R7S PHILIPS;UND;5.02 ;5.024
602.02.408;DISCO CORTE 7 (180 X 3 MM);UND;5.04 ;5.0428
606.01.024;FASTENER VIKINGO X 50 JGOS;UND;5.07 ;5.07
602.03.905;"ESPARRAGO ZINC DE Ø1/2"" X 1 MT";UND;5.07 ;5.074698909
603.01.450;NIPLE DE EXTENCION PARA TUBERIA DE COBRE DE 1/4;UND;5.12 ;5.12
801.15.1789;CONECTOR NEUMÁTICO UNION TIPO “T” P/MANGUERA DE 10mm;UND;5.13 ;5.127333
601.01.109;"REDUCCION BUSHING DE 1"" A  1/2""";UND;5.16 ;5.160430501
409.12.976;CONECTOR  DE COBRE  P VARILLA DE 3/4;UND;5.23 ;5.2334375
606.01.724;FAJA A-29;UND;5.24 ;5.23925
51.2.22.016.0072.10;PERNO ALLEN FN CAB AVELLANADA M16 x 72MM GR-10;UND;5.26 ;5.26095
606.01.002;ARCHIVADOR L/ANCHO PEQUEÑO NEGRO;UND;5.31 ;5.308333333
602.05.020;PINTURA EN SPRAY ROJO;UND;5.33 ;5.333333333
409.12.1097;ABRAZADERA DE 21/2 DE DOS OREJAS;UND;5.36 ;5.36144262
14.12.90.004;"CONECTOR MEDIDOR PEALPE GRAFADO 1620 X 3/4""";UND;5.37 ;5.368343551
606.01.153;ESCALIMETRO PLASTICO 06 MEDIDAS;UND;5.40 ;5.398
603.02.389;ORING  Øext 20mm Øint 12mm alt. 2mm;UND;5.41 ;5.409
409.12.1054;CONECTOR NEUMATICO RECTO UNION 12 MM;UND;5.43 ;5.431666667
10.46.001;AROMATIZANTE DE AMBIENTE EN AEROSOL - GLADE 270 ml;UND;5.51 ;5.508333
604.04.470;PUENTES P/BORNERAS 2.5MM2-4MM2(CONEXIONADO);UND;5.52 ;5.515764706
801.15.1671;"HOJA DE FIBRA SINTÉTICA PARA METAL 6"" X 9""";UND;5.55 ;5.55296
603.04.021;"CONECTOR NEUMATICO,ROSCA G 1/4"" P/MANGUERA 8MM, 90º ORIENTABLE";UND;5.56 ;5.556
409.09.007;CADENA 1333.5 MM (105 ESLABONES);UND;5.59 ;5.5909
603.01.1067;Niple FN 1” x 5” Sch 80;UND;5.60 ;5.6
603.04.072.1;"CONECTOR RECTO BRONCE 1/8"" NPT X 3/16"" PARA TUBERIA DE 1/4""";UND;5.62 ;5.618
603.04.023;"CONECTOR NEUMATICO ""Y"" P/MANGUERA 10MM";UND;5.63 ;5.627
20.83.01.114.101;"CANDADO PASO 1 1/4"" SIMPLE ASA   100-1R";UND;5.63 ;5.63
504.02.704.01;ARANDELA DE FIJACION MB 11;UND;5.63 ;5.631
603.04.098;"CONECTOR NEUMATICO ""Y"" P/MANGUERA DE 6MM";UND;5.65 ;5.65
801.01.381;DADO HEXAGONAL 11/16;UND;5.65 ;5.653636364
801.15.3520;Repuesto 3M Empaquetadura de Inhalacion;UND;5.66 ;5.655
602.02.703;"LLAVE ALLEN 5/16""";UND;5.69 ;5.691855167
404.02.057;"UNION UNIVERSAL  DE 1/4"" NTP CEDULA 40";UND;5.72 ;5.72
603.01.086;BROCA DE COBALTO 3/16;UND;5.73 ;5.734803419
21.19.1.031.352;ORING 2-341 (Øint 88.27, Øext 98.93);UND;5.75 ;5.752222222
14.12.23.010;"Conector Neumatico Recto de 1/4"" P/manguera de 10mm";UND;5.75 ;5.7526515
409.09.014;PASO CADENA DYC 100;UND;5.76 ;5.761
53.6.10.016.1;ARANDELA DE SEGURIDAD AW 16;UND;5.88 ;5.876623987
801.15.4903;CAJA DE GRAPAS EN M X 600PARA ALICATE DE JAULA S/M;UND;5.93 ;5.93
605.08.878;CERRADURA  ESTRIADA 30 DIENTES;UND;5.93 ;5.931888329
604.06.040;"TAPON ROSCADO GALV 1 1/2""";UND;5.93 ;5.9322
21.19.1.031.354.04;KX-0376935  D.I. 37.69 MM ESP. 3.53  (KASTAS  X -RING );UND;5.93 ;5.932203
801.03.005;"LLAVE CORONA  3/8"" X 7/16""";UND;5.97 ;5.97
603.02.002;TUBO P/MANIVELA;UND;6.00 ;6
20.63.01.020;LAINA PARA ALINEACIÓN DE ROLL FORMING POSTES - 2 MM  ;UND;6.00 ;6
503.04.309.19;BISAGRA TRES CUERPOS ESPESOR 4 MM ( 175 X 100 MM);UND;6.00 ;6.003333
801.15.1445;ORING ØINT 16 MM ØEXT 19 MM ESPESOR;UND;6.01 ;6.014286
53.6.10.018.1;ARANDELA DE SEGURIDAD AW18;UND;6.05 ;6.046615385
606.02.015;AMBIENTADORES EN SPRAY;UND;6.14 ;6.142857143
603.04.071;CONECTOR NEUMATICO,ROSCA G 1/2 P/MANGERA 12MM,90º  ORIENTABLE;UND;6.19 ;6.1906
51.2.24.016.0090.8.1;PERNO ALLEN FN PRISIONERO M16 x 90MM GR-8;UND;6.23 ;6.233001543
603.02.400;RETEN TC 35-47-7 (22) NAK;UND;6.26 ;6.26
603.01.037;CHAPA PARA TABLERO ELECTRICO;UND;6.31 ;6.310857143
603.01.502;RODAMIENTO 6001 2RS;UND;6.33 ;6.329
603.01.236;Junta Torica Ø15 x 1mm (266930) Gema;UND;6.43 ;6.4296
14.12.20.120;"CONECTOR NEUMATICO ""Y"" P/MANGUERA 12MM";UND;6.45 ;6.44679
606.01.301;ENGRAMPADOR ARTESCO 25H M-527;UND;6.47 ;6.465
604.06.001;"CODO DE PVC DE Ø 3"" X 90º  P/DESAGUE";UND;6.50 ;6.5
20.90.07.004;Bushing FN de ¾” x ½” x 300 lbs;UND;6.50 ;6.5
26.08.03.150;PILA P/CALIBRADOR LR-44 1.5V;UND;6.50 ;6.5
606.01.725;FAJA A-27;UND;6.55 ;6.5465
605.01.377;"CONECTOR NEUMATICO HEMBRA 1/2"" P/MANGUERA 10 MM";UND;6.61 ;6.607
801.15.3521;Repuesto Valvula de Inhalacion MAXFLOW,;UND;6.61 ;6.61
409.99.116;"BISAGRA 4"" X 3/8""";UND;6.63 ;6.634166667
XS.07.100.09;ENGRANAJE DE 24  DIENTES;UND;6.71 ;6.71
XS.07.100.08;ENGRANAJE DE 14 DIENTES;UND;6.71 ;6.71
605.01.376;"CONECTOR NEUMATICO HEMBRA 1/4"" P/MANGUERA 12 MM";UND;6.77 ;6.7745
605.01.378;"CONECTOR NEUMATICO HEMBRA 1/2"" P/MANGUERA 12 MM";UND;6.77 ;6.7745
409.12.923;CINTA DE MALLA;UND;6.78 ;6.78
P101SPRC0816002;PINTURA SPRAY - COLOR VERDE, RAL 6002;UND;6.80 ;6.8
14.30.01.10.030;"ACCESORIO T/SOMBRERO - P/TUBERIA DE PVC Ø  INTERNO 3""";UND;6.89 ;6.888975214
604.01.1044;"Caja conduit LB de 1""";UND;6.98 ;6.98
51.7.10.580.3120.2.1;"PERNO CABEZA CUADRADA 5/8"" X 3 1/2"" HILO CORRIDO";UND;7.00 ;7
604.05.38;RESORTE DE  Ø EXTERIOR 21 MM X 40MM, ESPESOR DE 2.5 MM   ;UND;7.00 ;7
801.01.187.003;RESORTE Øext 15.5mm,Øalamb 1.8mm,paso 5 mm,long 55mm;UND;7.00 ;7
503.01.308;"PERNO SOCKET 1/2"" X 6"" mm HILO CORRIDO GR-8";UND;7.03 ;7.033333
602.01.199;Clip adaptador universal a casco;UND;7.20 ;7.201289189
81.01.0900.230;"DISCO CORTE 9"" X 1/8"" X 7/8"" (230 X 3 MM)";UND;7.22 ;7.2201
608.01.201;CAJA DE CARTON CORRUGADO;UND;7.28 ;7.279766667
26.08.006;BATERIA DE LITIO 3V, CR 2450N,540 mAh, Ø24.5mm x 5.0mm, -30 a 70°C;UND;7.29 ;7.292
604.04.208;ENCHUFE LEVITON 2X15T 125V AMARILLO 515PV;UND;7.33 ;7.3257015
603.01.006;LIMPIADOR DE BOQUILLA;UND;7.35 ;7.346
409.03.021;"Garrucha Fija 2""";UND;7.37 ;7.37
801.01.036;DADO STANLEY  3/4 X 1/2;UND;7.41 ;7.413472206
409.18.711;RODAMIENTO 6000 ZZ;UND;7.48 ;7.477463636
604.05.155;"REDUCCION DE PVC Ø 4"" A 2""";UND;7.50 ;7.5
15.47.05.004;RETEN DOBLE LABIO 40-56-8;UND;7.52 ;7.52
801.15.6966;PUNTA DE CONTACTO CONICA 1.0 MM LIGHTNING 63-1240;UND;7.53 ;7.52735
603.01.503;RODAMIENTO 6201 2RS;UND;7.59 ;7.5916
604.02.013.01;PRENSAESTOPA M40;UND;7.63 ;7.626667
800.01.001;BOLSAS DE BASURA x 10 DE 240 LITROS;UND;7.63 ;7.627
15.47.02.002;RETEN NEUMATICO 16 X 25 X 5;UND;7.63 ;7.627119
503.04.309.18;TORNILLO PARA SUJECION DE INSERTO TM6 X 19 (MDJN-L-2525-M15);UND;7.63 ;7.63
15.80.14.349208;CHAIN, CONNECTOR LINK SCCL 60 (349208);UND;7.73 ;7.726969909
603.04.115;REDUCCION NEUMATICA PARA MANGUERA 10MM A 8MM;UND;7.85 ;7.848873
606.01.442;ARCHIVADOR  PIONER  A-4 DE 2 ANILLOS 25mm de 250 HOJAS;UND;7.85 ;7.85
603.04.048;CONECTOR NEUMATICO DE 1/2 P/MANGUERA DE 1/2;UND;7.91 ;7.91
602.02.523.01;RETEN CIEGO 62X7;UND;7.97 ;7.968
606.02.264;RESORTE Ø 25mm, ALAM 2.5mm,  LONGITUD 70mm, PASO 10mm;UND;8.00 ;8
14.25.01.10.002;VÁLVULA DE BOLA PEALPE 1418;UND;8.00 ;8.000887459
409.99.9002;TOPE DE JEBE P/ESTANTERIA MOVIL Ø 35MM X 30MM C/PERNO DE M8;UND;8.00 ;8.003384535
15.19.03.050;RODAMIENTO 6203;UND;8.04 ;8.037777667
15.20.03.023;FAJA A-39;UND;8.04 ;8.041667
11.07.10.002;"LENTES DE SEGURIDAD MARCA: GALAXI; MODELO: GX30 LUNAS OSCURAS";UND;8.07 ;8.071615663
603.02.700;FAJA A-36;UND;8.13 ;8.131607143
15.20.03.021;FAJA A-42;UND;8.14 ;8.139918
603.02.519;RODAMIENTO 6002 2Z;UND;8.15 ;8.1456
801.15.4163;PROTECTIVE WINDOWS 37 D7 PRECITEC MOD 0G Y D37 HD7;UND;8.16 ;8.161
28.36.01.002;Puente Rectificador 50A-KBPC5010;UND;8.24 ;8.24
801.01.430;LLAVE CORONA 12-13;UND;8.25 ;8.245
14.12.04.010;"CONECTOR RACOR RECTO DE 1/2"" P/ MANGUERA DE 10 MM";UND;8.27 ;8.266
11.07.05.006;"LENTES DE SEGURIDAD MARCA: GALAXI; MODELO: GX30 LUNAS CLAROS";UND;8.28 ;8.284630621
14.12.05.012;"CONECTOR RACOR TIPO CODO DE 1/4"" P/ MANGUERA DE 12 MM";UND;8.30 ;8.2988335
19.03.090;"CINTA STRETCH FILM 9""";UND;8.33 ;8.330556646
14.08.10.200.100;"REDUCCION BUSHING DE 2"" A  1""";UND;8.34 ;8.344186667
01603.01.503;RODAMIENTO 6201 2RS (CONTROL INTERNO);UND;8.39 ;8.392156375
604.10.004;"ACCESORIO TIPO SOMBRERO - P/TUBERIA (DIAMETRO INTERNO 4"")";UND;8.50 ;8.5
604.01.1013;"Caja conduit LB de 1/2""";UND;8.50 ;8.5
604.06.051;"REDUCCION BUSHING DE 1/2"" A 1/4"" NTP";UND;8.50 ;8.504
602.02.405;"DISCO DE LAMINILLAS 4 1/2"" X 7/8 """;UND;8.54 ;8.542317128
801.01.066;LLAVE ALLEN #12;UND;8.55 ;8.554312516
14.07.21.300;"UNION DE PVC SAP 3""";UND;8.63 ;8.628497217
604.05.103;"CURVA PVC SAP 1 1/2""";UND;8.90 ;8.8985
409.18.701.01;RODAMIENTO 6003 Z;UND;8.96 ;8.96
14.12.04.012;"CONECTOR RACOR RECTO DE 1/2"" P/ MANGUERA DE 12 MM";UND;8.99 ;8.993
603.04.024;REDUCCION NEUMATICA D/MANGUERA 12MM A 10MM;UND;9.05 ;9.0456865
606.01.445;ARCHIVADOR PIONER A-4 DE 2 ANILLOS 45mm de 450 HOJAS;UND;9.27 ;9.27
14.12.35.001.1;CONECTOR DE BRONCE 1/4;UND;9.35 ;9.35
14.06.30.035.1;CODO MACHO DE BRONCE DE 90° - 1/4;UND;9.35 ;9.35
605.01.019;RODAMIENTO 6004-2Z;UND;9.39 ;9.388082769
11.08.001;SOBRE LENTES;UND;9.45 ;9.45
602.02.404;DISCO DESBASTE 7X 1/4 X 7/8;UND;9.47 ;9.467791667
801.13.020;PINZA IRIS RECTO;UND;9.50 ;9.5
604.04.320;BOTONERA 03 AGUJEROS;UND;9.50 ;9.5
21.71.02.038;"SILENCIADOR NEUMATICO TIPO SC ROSCA G 3/8""";UND;9.52 ;9.52077
604.03.012;PORTA FUSIBLE;UND;9.59 ;9.594545455
20.83.01.112.121;"CANDADO PASO 1 1/2"" SIMPLE ASA   120-1R";UND;9.60 ;9.6
606.02.121;RECOGEDOR DE BASURA (PLASTICO);UND;9.61 ;9.613333333
51.4.10.370.7000.0.3;"PERNO EXPANSOR ZINC 3/4"" X 7"" TUECA Y ARANDELA";UND;9.64 ;9.641
409.12.955;CONECTOR CODO P/ CAÑERIA COBRE 1/4 X1/8 NPT;UND;9.72 ;9.72
603.01.450.25.1;"NIPLE DE  1"" 1/4 X 4""";UND;9.75 ;9.75
606.02.009;LEJIA TRADICIONAL C-5 % TAZZ 388 ml;UND;9.82 ;9.817090818
13.51.01.401;IGNITOR P/LAMP HALOGENURO METAL 1000W. SI  5I – PHILIPS;UND;9.84 ;9.836666667
15.20.03.022;FAJA A-38;UND;9.85 ;9.85
603.02.009;EJE DE TEMPLADOR;UND;9.89 ;9.891884932
409.18.747;RODAMIENTO 6301 2Z  C3;UND;9.96 ;9.964
10.02.04.003;MOPA DE ALGODON N° 16  200g CLASICA + PALO;UND;9.98 ;9.983
13.54.01.001;SOCKET D/LOZA E40 ANTIVIBRATORIO – LORENZETTI;UND;9.99 ;9.99
14.02.15.014;"CAJA METÁLICA DE PASO 5""X 5""";UND;10.00 ;10
59.1.0.580.1000.1;"ESPARRAGO ZINC DE  Ø5/8"" X 1MT";UND;10.01 ;10.01385
15.47.04.009;RETEN MECANICO TCM 62X35X8  HSB;UND;10.09 ;10.09
605.02.865;CHAPA TIPO ESCRITORIO;UND;10.17 ;10.16998195
604.05.035;"CAJA CONDULET TIPO TEE 1""";UND;10.17 ;10.17
801.15.4005;SOBRE LENTES COSMIC - LUNAS CLARAS COD. 10115002;UND;10.17 ;10.17
604.03.301;FOCO AHORRADOR;UND;10.20 ;10.2
602.01.79;CERA NEUTRAL PARA PISO VINILICO;UND;10.22 ;10.21875
20.83.02.114.102;"CANDADO PASO 1 1/4"" DOBLE  ASA  100-2R";UND;10.28 ;10.281
53.6.10.016.2;ARANDELA DE SEGURIDAD W09;UND;10.37 ;10.37
409.05.052.01.1;TEE DE BRONCE 1/4;UND;10.50 ;10.5
606.03.123;BIDON DE AGUA 20 Lts.;UND;10.72 ;10.71855316
603.02.008;EJE DE DOBLE PIÑON;UND;10.77 ;10.76772785
603.02.386;RETEN 40 X 60 X 10 MM;UND;10.92 ;10.9228
603.01.247;REGULADOR DE CAUDAL,ROSCA G 1/8 P/MANGUERA 8MM;UND;10.92 ;10.92328372
606.01.443;ARCHIVADOR  PIONER  A-4 DE 2 ANILLOS 65mm de 650 HOJAS;UND;10.97 ;10.97
603.02.914;FAJA BANDO B50;UND;11.00 ;11
604.04.993;"GANCHO DE FIERRO FUNDIDO ESP 7 /8"" X 5"" X 9 1/2""";UND;11.00 ;11
603.01.852;Aislador de Plástico inferior de tobera Lightning código: 63-3103 - Marca : ATTC USA;UND;11.19 ;11.19
801.09.058;VISTONY GRASA LITETHIUM WHITE (10 ONZ/926ML);UND;11.23 ;11.228333
15.47.04.003;RETEN NBR 55 X 90 X 10;UND;11.28 ;11.275
14.06.30.036.1;"Codo de 90° Inox de 1 1/4"" - Roscable";UND;11.29 ;11.29
603.02.246;ORING 120 X 3.5 MM;UND;11.34 ;11.335
603.02.294.02;V-RING VA-70;UND;11.51 ;11.505
15.19.03.080;Rodamiento  de 15 x 32 x 9  (SKF 6002 - 2RS);UND;11.52 ;11.52031275
15.20.03.016;FAJA A-33;UND;11.52 ;11.52428571
20.63.03.009;LAINA PARA ALINEACIÓN DE ROLL FORMING VIGAS - 0.5 x Ø 80mm;UND;11.69 ;11.68799907
20.63.01.005;LAINA PARA ALINEACIÓN DE ROLL FORMING POSTES - 0.5 MM ;UND;11.71 ;11.7072
20.63.03.010;LAINA PARA ALINEACIÓN DE ROLL FORMING VIGAS - 0.5 x Ø 90mm;UND;11.71 ;11.7072
603.05.023;GANCHO DE MONTAJE  MOUNTING HOOK [911401565101] - PHILIP;UND;11.75 ;11.75
15.19.03.050.01;Rodamiento 6203 - 2Z;UND;11.76 ;11.75710537
801.15.1750;CONECTOR NEUMATICO HEMBRA 3/8 NPT P/MANGUERA 10mm;UND;11.77 ;11.765
604.05.107;"UNION DE PVC SAP DE 2""";UND;11.79 ;11.7944697
604.05.102;"CURVA PVC SAP 2""";UND;11.86 ;11.864
604.05.031.01;CAJA MODULAR RECTANGULAR CONDUIT;UND;11.86 ;11.864
605.02.861;CHAPA CREMONA;UND;11.87 ;11.865
801.06.151;"LIMA MEDIA CAÑA BASTARDA 6""";UND;11.89 ;11.89083333
21.12.2.001;EJE PIN P/MANIJA;UND;11.90 ;11.89515242
409.99.123;"BISAGRA DE 5/8 X 6""";UND;12.00 ;12
603.01.073;DEFLECTOR 16 MM 331341;UND;12.00 ;12
603.01.074;DEFLECTOR 24MM 331333;UND;12.00 ;12
602.02.553;Escobilla electro Grafitado 8.5x4.5x20 (cable,resorte y terminal) - RUNNER WAP;UND;12.00 ;12
801.01.015;CARETAS  ( PARA SOLDAR );UND;12.05 ;12.05274651
409.18.761;CONECTOR REGULADOR UNION RECTO NEUAMTICO P/MANGUERA Nº6;UND;12.08 ;12.0752
10.57.01.001;MECHÓN PARA TRAPEAR CON BASE;UND;12.13 ;12.13
801.01.069;"LLAVE ALLEN 1/2""";UND;12.14 ;12.14196773
20.90.63.004;Connector Crop for Double-Row Chains  ZSO-08B;UND;12.32 ;12.32
12.11.400;"RODILLO DE 4""";UND;12.40 ;12.4
801.01.070;"LLAVE ALLEN 3/8""";UND;12.44 ;12.44118637
603.01.063;PORTATIP DE BRONCE BINZEL MB-36;UND;12.57 ;12.56898014
603.02.397;Reten hidraulico Kastas / Modelo K21 25-32-4;UND;12.57 ;12.5706
409.09.031;MEDIO PASO PARA CADENA ASA100;UND;12.68 ;12.68
602.02.401;DISCO CORTE 14;UND;12.72 ;12.72110714
603.01.513.1;RODAMIENTO 6005 Z;UND;12.74 ;12.743
604.05.013;"CAJA CODUIT 1/2 TIPO "" T""";UND;12.80 ;12.8
15.19.03.043;Rodamiento 6204 2RS/C3;UND;12.86 ;12.86273676
603.02.003;PERNO ESPECIAL PIN P/MANIVELA;UND;12.97 ;12.9694
603.02.006;JALADOR P/MANIVELA;UND;12.97 ;12.96997294
602.02.907;MASILLA PLASTICA;UND;13.00 ;13
801.15.3677;GRASA EP-2 MULTIPROPOSITO VISTONY X 453 G;UND;13.00 ;13
405.01.017;FIERRO REDONDO TREFILADO 63MM X 44MM;UND;13.13 ;13.125
603.02.420;RETEN TC 55-78-12 NAK;UND;13.42 ;13.41666667
OCONS0105000098;GRASA LITHIUM BLANCA PITFE AEROSOL 500 ML;UND;13.56 ;13.56
15.19.03.031;RODAMIENTO 6305;UND;13.56 ;13.56
801.15.7128;REDUCCION NEUMATICA D/MANGUERA 16MM A 12MM;UND;13.64 ;13.6435
10.05.01.001;ESCOBON DE CERDA DE PLASTICO - Hude;UND;13.69 ;13.68627767
604.04.212;ENCHUFE INDUST 2X16A + T 250V IP44 6H ART-510;UND;13.79 ;13.79379171
23.01.004;CAJA CON AGUA - AQUAOASIS DE 20 LTS;UND;13.83 ;13.83069075
15.20.03.026;FAJA A41;UND;13.84 ;13.84166667
404.01.151;Union Universal FN de ½” x 300 lbs;UND;13.86 ;13.86
603.04.208;ACOPLE FLEXIBLE DE ALUMINIO G25/25-A6/6/ENCODER;UND;13.90 ;13.89733122
604.05.067;LIMPIA CONTACTO ELECTRICO;UND;13.91 ;13.91427769
604.05.54;SOCKET ZELIO RELAY PARA RELÉ DE 8 PINES, IP20, RUZC2M,SCHNEIDER;UND;13.93 ;13.931667
604.04.526;"BLOQUES DE CONTACTOS ZBE102, 22MM, HARMONY XB4; -25÷70°C, CONTACTOS: NC";UND;13.98 ;13.975
21.72.01.0312;POLEA DOBLE DIÁMETRO 3 ½ 2B;UND;14.00 ;14
603.04.009;DADO SUJETADOR - P/CELDA ROBOTICA;UND;14.00 ;14
15.47.01.006;RETEN NEUMATICO Ø 20-28-5;UND;14.32 ;14.316
604.05.016;CAJA DE PASO  F.G. 6X6X3 P;UND;14.40 ;14.40181818
13.18.02.001;CAJA RECTANGULAR DE ALUMINIO  03 AGUJEROS(TOMACORRIENTE);UND;14.51 ;14.51250794
20.90.42.003;FUSE WIRE 2 A RT28-32;UND;14.66 ;14.664
20.90.42.001;FUSE WIRE 32 A RT28-32;UND;14.66 ;14.664
20.90.42.002;FUSE WIRE 4 A RT28-32;UND;14.66 ;14.664
801.15.5547;ARANDELA M10 Cod.0661100042;UND;14.67 ;14.6714
603.01.371;"CONECTOR REGULADOR NEUMATICO DE 1/2"" NTP P/MANGUERA 08MM";UND;14.69 ;14.69051159
604.06.3000;CUADERNO ANILLADO A4 CUADRICULADO;UND;14.72 ;14.72
24.38.01.112;"TAPA DE JEBE P/TUBO CUADRADO 1 1/2""";UND;14.74 ;14.74107143
608.01.001;"CINTA STRETCH FILM 20""";UND;14.86 ;14.85939455
504.02.705.1;TUERCA DE FIJACION KM11 (PASO 2 );UND;14.93 ;14.93142
14.15.05.140.008;"REGULADOR NEUMATICO 1/4"" NPT P/MANGUERA 08MM";UND;14.99 ;14.98725
801.15.1690;BISAGRAS DESMONTABLES GN 337, ZINC FUNDIDO PRESION, ORIFICIOS AVELLANADOS, 40mm x 40 mm;UND;15.00 ;15
801.01.757;RECTIFICADOR W000232249;UND;15.00 ;15
801.01.022;LLAVE MIXTA STANLEY  3/4;UND;15.00 ;15
409.09.002;CADENA DE PASO 1/2;UND;15.07 ;15.066667
409.18.740;RODAMIENTO 6801 LLU/2AS;UND;15.16 ;15.16442
602.02.914;SPRAY ANTICRUSTANTE;UND;15.18 ;15.17938806
603.01.245;"REGULADOR TIPO BANJO 1/8""NPT x 10 MM";UND;15.21 ;15.205
602.02.213;Faja B59;UND;15.26 ;15.255
604.04.507;BALASTRO ELÉCTRONICO 1 X 36W  EB-C136 TL-D 220V PHILLIPS;UND;15.26 ;15.264
604.07.015.01;TOMA EMPOTRABLE 16AMP 2P+T 250V AZUL 6H I44 ( CODIGO 190322 );UND;15.35 ;15.354
606.01.583;ENGRAMPADOR ARTESCO TIPO TIJERA M - 222;UND;15.60 ;15.5984856
20.63.03.005;LAINA PARA ALINEACIÓN DE ROLL FORMING VIGAS - 2 x Ø 80mm;UND;15.61 ;15.6095
20.63.03.012;LAINA PARA ALINEACIÓN DE ROLL FORMING VIGAS - 0.2 x Ø 90mm;UND;15.61 ;15.6095
85.04.600.001;"RUEDA COMPACTA 6"" X 1/2""  - GUINDO - GRANO MEDIO DE ALTA RESISTENCIA - BEAR-TEX / NORTON";UND;15.76 ;15.76200444
604.05.118;"CURVA PVC SAP 2 1/2""";UND;15.79 ;15.79
409.18.763;CONECTOR REGULADOR ROSCA DE 1/8 NPT ORIENTABLE 90° MANGUERA N°6                   ;UND;15.84 ;15.843636
603.03.995;"ESPARRAGO ZINC DE Ø3/4"" X 1 MT";UND;15.88 ;15.87547081
604.07.082;TOMA AEREA TRIFASICA 16 AMP 220VAC;UND;15.90 ;15.9
605.01.021;RODAMIENTO 6006- 2RS;UND;15.95 ;15.9518
602.01.205;MAMELUCO DE TELA NO TEJIDA TYVEK DUPONT CON CAPUCH;UND;15.96 ;15.95671498
602.01.016;CAPUCHA PARA SOLDADOR;UND;16.00 ;16
21.31.1.050.05.121;RESORTE Ø EXT 35MM, LONG.90MM, ØALAMBRE 5MM, PASO12;UND;16.20 ;16.2
801.06.005;"LIMA BASTARDA PLANA DE 6""";UND;16.46 ;16.45714286
602.02.211;Faja B-61;UND;16.47 ;16.46565093
605.01.517;RODAMIENTO 6206 2z;UND;16.71 ;16.7085
15.20.04.012;FAJA B-42;UND;16.73 ;16.726
603.01.242;"REGULADOR NEUMATICO T/BANJO RVU C/ROSCA 3/8"" NPT CONEXION A MANGUERA 10MM";UND;16.91 ;16.91
605.02.742;"NIPLE HIDRAULICO DE 1/4"" MNPT A 1/4"" MNPT";UND;16.93 ;16.93
605.02.743;"NIPLE HIDRAULICO DE 1/4"" HNPT A 1/4""MNPT";UND;16.93 ;16.93
603.02.196;ACEITERAS;UND;16.95 ;16.95
604.02.130;CONDENSADORES 30uf  250VA;UND;16.99 ;16.99
603.01.240;"REGULADOR NEUMATICO 1/4"" NPT P/MANGUERA 10MM";UND;17.00 ;17
801.13.009;Succionador Soldadura de Estaño (Extractor);UND;17.00 ;17
603.01.124;BROCA P/FE 9/16;UND;17.03 ;17.03450231
801.15.6823;"CONECTOR RACOR RECTO DE 1/2"" P/ MANGUERA DE 16 MM";UND;17.08 ;17.075
604.04.126;TOMA IND. AEREO MENNEKES IP44 2X16+T 250V AZUL AR;UND;17.14 ;17.13770667
12.02.04.034;CONECTOR REGULADOR ROSCA DE 1/4 NPT ORIENTABLE 90° MANGUERA N° 10 MM;UND;17.17 ;17.166
409.99.942.01;RESORTE DE ACERO, LARGO 102 MM, Ø INT 31.5 MM, Ø EXT 47.5 MM, ESP 8 MM;UND;17.29 ;17.2881996
602.01.388;SOMBRERO DE ALA ANCHA CON PROTECTOR DE CUELLO;UND;17.30 ;17.3
25.25.03.001;PLACA TRIANGULAR  PARA BARRENADOR;UND;17.39 ;17.39099769
RPTS01S01000071;"CAM LOCK 1"" LETRA F C-316 ACERO  INOXIDABLE";UND;17.40 ;17.3961
801.01.460;LLAVE ALLEN 16MM;UND;17.44 ;17.435
801.15.1703;FAJA B45 OPTIBELT;UND;17.62 ;17.615
603.01.092;"LLAVE DE PASO 3/8"" P/ GAS.";UND;17.73 ;17.725
602.02.1021;"POLEA DE ALUMINIO Ø 3"" X 2B";UND;18.00 ;18
603.01.520;RODAMIENTO 61801 2RS;UND;18.03 ;18.02714263
602.02.512.01;CARBONES PARA SIERRA CIRCULAR MANUAL SKILL 5401;UND;18.09 ;18.09
409.18.735;Rodamiento 6206-2RS;UND;18.13 ;18.125
602.02.425;"DISCO DE DESBASTE 9"" X 1/4""";UND;18.17 ;18.16531473
16.1.760.LS;FERULE SET INOX OD 10;UND;18.21 ;18.2068018
603.01.515;RODAMIENTO 6304 2RS;UND;18.26 ;18.25655172
15.35.450.05;ESCOBILLA DE CARBON E45 ASPIRADORA CHASQUI;UND;18.32 ;18.32036364
20.90.45.001;STEERABLE WHEEL  SHEATING A Ø 10 X L4;UND;18.33 ;18.329167
20.90.45.002;STEERABLE WHEEL  SHEATING B Ø 10 X L11;UND;18.33 ;18.329167
20.90.45.003;STEERABLE WHEEL  SHEATING C Ø 10 X L11.5;UND;18.33 ;18.329167
801.09.050;TIMBRE P/PUERTA;UND;18.64 ;18.64406
409.99.500;"CERROJO PESADO DE Ø5/8""x0.50M DE LONGITUD";UND;18.64 ;18.64417721
602.01.050;POLO CUELLO REDONDO MANGA LARGA TALLA :XXL;UND;18.73 ;18.73
602.02.406;"DISCO DE LAMINILLAS 7"" X 7/8 """;UND;18.86 ;18.86253933
603.02.249;FAJA B35;UND;18.93 ;18.931
602.01.153;POLO CUELLO REDONDO MANGA LARGA TALLA :XL;UND;19.01 ;19.01321168
801.15.6565;"POLO MANGA LARAGA COLOR AMARILLO C/ESTAMPADO TALLA ""L""";UND;19.05 ;19.05
801.15.4080;Manifold Doble de PeAlPe 90°;UND;19.14 ;19.138198
602.01.151;POLO CUELLO REDONDO MANGA LARGA TALLA : M;UND;19.15 ;19.15411348
602.01.152;POLO CUELLO REDONDO MANGA LARGA TALLA :L;UND;19.30 ;19.29984127
21.72.02.0520;"POLEA D/ALUMINIO 5"" X 2A";UND;19.30 ;19.3
503.04.358;EXTENSION FLEXIBLE PARA INYECTORES DE GRASA;UND;19.50 ;19.5
20.90.43.001;B-COPPER SHEATHING Ø 29 X 3;UND;19.52 ;19.51687525
606.01.440;ARCHIVADOR PIONER A-4 DE 3 ANILLOS 65mm DE 650 HOJAS (COD:410212 TAY-LOY);UND;19.57 ;19.5662417
25.33.01.001;INSERTO CARB. P/TRONZAR 3mm.;UND;19.69 ;19.68768
602.02.409;ESCOBILLA CIRCULAR TRENZADA PLANA 4 1/2;UND;19.70 ;19.70307692
801.15.3997;FILTER AIRE COD:1630058905;UND;19.90 ;19.9
603.02.466;Nozzle diameter 1.5 mm (L236) PRECITEC;UND;19.97 ;19.9669306
85.01.400.001;"RUEDA RAPID STRIP BLAZE 4"" X 1/2"" X 1/4"" GRANO GRUESO - NARANJA -BEAR - TEX / NORTON";UND;19.99 ;19.9925217
604.04.209;ENCHUFE IND. AEREA MENNEKES IP44 2X32+T 250 V AZUL;UND;20.10 ;20.1
603.02.248;FAJA B38 (HI-POWER);UND;20.31 ;20.3078
603.02.222;CINTA CERAMICA MARCA JACKWALL x 5 M;UND;20.34 ;20.339
409.12.1080;PASTILLA CARBURADA WNMG080408;UND;20.57 ;20.57
801.15.2165;CANDADO DE CADENA DE PASO 50 MM HP ACERO CARBONO;UND;20.63 ;20.625
603.02.272;Reten 115-145-14-D(TC)-12;UND;20.70 ;20.69768357
801.01.078;"LLAVE MIXTA STANLEY 15/16""";UND;20.85 ;20.85289286
602.01.189;CASCO MSA V-GARD FAST TRACK COLOR ANARANJADO;UND;20.91 ;20.91013514
801.15.1767;ESCOBILLA DE CARBON 10X6X18 BOSCH WH004 FD:512 PARA GWS 18-125 PL;UND;21.10 ;21.099
606.01.791;FAJA B-70;UND;21.19 ;21.1875
602.01.555;POLO CUELLO REDONDO MANGA LARGA TALLA :XXXL;UND;21.23 ;21.23
21.72.02.0300.01;"POLEA DE ALUMINIO 3"" X 1 A";UND;21.27 ;21.265
15.47.05.003;RETEN DE ACEITE TC-65-82-12;UND;21.28 ;21.27721589
603.01.499;"ESCUADRA METALICA EN ""L"" DE 60x60 cm";UND;21.39 ;21.38599991
801.15.5880;"CERROJO P/PUERTA DE SEGURIDAD DE 6"" - ZINCADO";UND;21.39 ;21.39
601.01.24;RETEN  12551  CRWA1R;UND;21.60 ;21.6
13.23.05.002.02;BASE DE RELE ABB CRM4LS;UND;21.60 ;21.6
602.03.958;SIKAFLEX 11 FC- GRIS;UND;21.63 ;21.6271223
20.18.001.09.11;HOSE COD 0070 6002 48;UND;21.69 ;21.68992
603.01.066;TOBERA CONICA 1/2 BINZEL MB-36;UND;21.77 ;21.7698574
604.04.807;INTERRUPTOR DOBLE CONMUTADOR;UND;21.94 ;21.94
604.01.098;LINER PARA MANGUERA TBI FLEX 50;UND;22.05 ;22.04839
603.01.341;PASTILLA CARBURADA APKT11308-PM YBG 302;UND;22.15 ;22.146
603.01.044;PASTILLA CARBURADA YBG -302  ZCC-CT;UND;22.15 ;22.146
603.02.070;Filtro Yee de ¾” para GLP;UND;22.23 ;22.23
603.02.239;RETEN UN 25 35 8;UND;22.25 ;22.249
801.15.1695;ESCOBILLAS DE LIMPIEZA DE RIEL + SOPORTE- RANGER STOW;UND;22.27 ;22.27
603.02.942.01;MICROSWITCH DE FINAL DE CARRERA TIPO PIN;UND;22.34 ;22.34
603.01.911;TOBERAS TEFLON  COD. 377724;UND;22.42 ;22.415254
606.01.470;MOUSE PAD;UND;22.43 ;22.425
604.04.515;Conector hembra Marca: hirschmann Modelo: GDM b12;UND;22.46 ;22.46
801.14.005;RUEDA PARA STOCKA Ø80mm X LARGO 70mm X INTERIOR 20mm R/6204 2RS;UND;22.50 ;22.5
25.33.02.002;INSERTO DE TRONZAR 4 mm. QEGD2525R22;UND;22.59 ;22.59298
21.19.1.045.352;ORING Øext 114, Øint 102, ESP 6mm;UND;22.60 ;22.6
603.01.075;DEFLECTOR 32MM 331325;UND;22.62 ;22.61744681
28.16.04.006;HDMI Inalámbrico de largo alcance;UND;22.72 ;22.718
01801.01.705;FAJA XPA1850  2320NV 0489;UND;22.89 ;22.89
15.96.01.001;"ELEMENTO DE FILTRADO  Ø 9/4"" X 27 MM";UND;22.96 ;22.96375
606.01.574;CALCULADORA CASIO MX - 12 V/S;UND;22.97 ;22.97
606.01.101;CINTA EPSON P/ IMPRESORA LX-300;UND;23.05 ;23.05083333
904.18.752;Reten 105-135-14-D(TC)-11;UND;23.29 ;23.29461415
20.90.52.004;LIFTINF AXLE BEARING BUSHING 20 X 22;UND;23.38 ;23.38125
604.01.1035;Cajas de paso de 20 x 20 x 15 cm.;UND;23.41 ;23.41
604.06.053;"REDUCCION BUSHING DE 1"" A 1/4""";UND;23.42 ;23.421667
604.04.387;BASE 14 PINES PARA RELE C9,10/250V/2.5 KW MODELO:RXZE2M114M/SCHNEIDER;UND;23.60 ;23.6
605.02.714;"CODO FE NEGRO P/ TUBO REDONDO  Ø  3"" X 3.00 MM.";UND;23.62 ;23.6175
605.02.741;"TEE HIDRAULICO DE 1/4 """;UND;23.70 ;23.702
505.06.005;GARRUCHA AEREA SIMPLE;UND;23.80 ;23.8
603.02.90;FAJA B-74 (B1920mm Ld/17mmx1880mm);UND;24.26 ;24.256667
21.19.1.045.351;ORING Øext 200, Øint 188, ESP 6mm;UND;24.31 ;24.31
604.04.140;"PRENSA TIPO C 4""";UND;24.38 ;24.37875
21.72.02.0620;"POLEA ALUMINIO 6"" X 2A";UND;24.56 ;24.563333
603.05.037;CONECTOR HEMBRA - 4 PINES C/PILOTO  GEMA;UND;24.65 ;24.65181818
603.02.390.03;ORING D.INT.42.08 X Ø 3.2 MM ( ORING HIDRAULICO );UND;24.97 ;24.965
801.15.1460;RETEN TC 140-110-12;UND;25.43 ;25.425
602.02.523.02;"RETEN METALICO TIPO CR  1 1/8"" X 1 5/8"" X 1/4""";UND;25.43 ;25.43
603.02.253;RELAY 14 PINES BOBINA 110V.;UND;25.81 ;25.81097242
503.01.254.08;PERNO CABEZA HEXAGONAL M24X100 MM - PASO 3MM - HILO CORRIDO;UND;25.86 ;25.857
805.04.001;KRIMPING RJ-45;UND;26.07 ;26.07
15.20.03.002;FAJA B-93;UND;26.14 ;26.142
603.04.047;REGULADOR NEUMATICO ORIENTABLE 1/2 P/MANGUERA 10 MM;UND;26.16 ;26.160582
603.01.997;MUELLE DE COMPRESION 1001488 GEMA;UND;26.31 ;26.31425
602.02.998;"Faja B-64 (""V"")";UND;26.41 ;26.4075
59.30.016.1000.8;ESPARRAGO FN M16 X 1.00M  GR-8;UND;26.52 ;26.523
20.97.03.002;HY NOZZLE:PMX 45A CUT (220941)                       ;UND;26.61 ;26.60563929
409.18.722;RODAMIENTO 51104;UND;26.63 ;26.63389996
603.01.426;BROCA CENTRAL 5mm;UND;26.65 ;26.65379861
15.20.07.001;FAJA B-62 MARCA OPTIBELT;UND;26.71 ;26.70822
409.12.940;GEL ANTI - INCRUSTANTE 32 ONZ.  ( 7094 );UND;26.71 ;26.712083
603.02.465;Nozzle diameter 1.2 mm (L235) PRECITEC;UND;26.78 ;26.77684483
602.03.1004;Rodamiento 6208 Z;UND;26.94 ;26.935
409.04.003;"CODO SOLDABLE SCH-40   3"" X 90";UND;27.00 ;27
20.100.8511;FLUX PARA PLATA F-SH-1 (DIN 8511) X 100 GR;UND;27.09 ;27.094
9.39.10.004;USB 32GB                                                                                       ;UND;27.22 ;27.216
20.90.65.002;Elater Jump Ring 2  DO-1;UND;27.37 ;27.365
604.04.210;ENCHUFE IND. AEREA MENNEKES IP44 3X32+T 415V ROJO;UND;27.83 ;27.82891911
26.58.01.001;SPRAY GALV AL FRIO ZINC BRILLANTE 13oz. 18414 CRC;UND;27.94 ;27.93887324
RPTS01S01000070;"CAM LOCK 1"" LETRA D C-316 ACERO INOXIDABLE";UND;27.97 ;27.9702
602.01.296;PANTALON DE SEGURIDAD (VER REF.)  CON CINTA REFLECTIVA TALLA 26;UND;28.00 ;28
21.30.5.300;CHUMACERA DE PIE  EJE  Ø 12.7 mm;UND;28.00 ;28
602.02.831;PENETRATING OIL 300 ML AFLOJATODO DE ALTO RENDIMIENTO;UND;28.27 ;28.26632514
801.15.4081;Manifold Triple de PeAlPe 90°;UND;28.44 ;28.443132
13.24.04.001;FUSIBLES 60A - 250V MODELO R-60;UND;28.50 ;28.5
605.03.353;CANDADO 50 MM;UND;28.55 ;28.54768873
604.05.53;RELÉ ENCHUFABLE 220 VAC, 8 PINES, RUMC21P7, SCHNEIDER;UND;28.84 ;28.836667
14.01.6.004;CAJA DE PVC CON 1 ORIFICIO 22 mm;UND;29.00 ;29
602.01.520;CASCO MSA V-GARD FAST TRACK COLOR BLANCO;UND;29.12 ;29.11793898
602.01.032;PANTALON EN DRILL;UND;29.19 ;29.19
801.15.2146;PUNTA DE BOQUILLA (NOZZLE TIP);UND;29.25 ;29.246333
801.01.007;"NIVEL 24"" STANLEY 42824";UND;29.25 ;29.25475
603.01.403;"PIEDRA ESMERIL 6"" X 1 X 1 1/4 GRANO GRUESO";UND;29.66 ;29.66
604.04.127;TOMA IND. AEREO MENNEKES IP44 3X32+T 415V ROJO 6H;UND;29.71 ;29.707668
602.01.175;PANTALON DENIM  CON CINTA REFLECTIVA TALLA 38;UND;29.80 ;29.80391304
604.01.098.01;LINER WITH INSULACION (4.40m) for wire 1.0-1.2;UND;29.81 ;29.808
11.04.12.011;POLO CUELLO CAMISERO MANGA LARGA T-XXL ALGODÓN REACTIVO 20/1 NARNJA Y AZUL MARINO C/4 CINTAS REFLECT;UND;29.86 ;29.86
11.04.12.003;POLO CUELLO CAMISERO MANGA LARGA T-XL ALGODÓN REACTIVO 20/1 NARNJA Y AZUL MARINO C/4 CINTAS REFLECT;UND;29.94 ;29.94271845
603.01.325.222;KIT VENTILADOR C/FILTRO 220 VAC 10X10 CM;UND;30.00 ;30
20.90.57.004;Ditching Axle Bearing  6900ZZ;UND;30.29 ;30.291667
10.02.04.001;ESCOBA T/MOPA;UND;30.38 ;30.38323529
20.90.55.001;PLASTIC BUMPER;UND;30.68 ;30.68090466
503.01.254.07;PERNO CABEZA HEXAGONAL M24X150 MM - PASO 3MM - HILO CORRIDO;UND;30.90 ;30.8969998
800.01.004;ALCOHOL 70° 3.8 L;UND;30.93 ;30.93
603.01.023;"TOBERA 1/2""  TBI-38";UND;30.97 ;30.97272
20.97.03.001;HY NOZZLE:PMX 85A CUT (220816)                       ;UND;31.00 ;30.9976
13.05.02.100;TOPE DERECHO, 66X50X29mm, POLIETILENO NEGRO;UND;31.00 ;31
13.05.02.101;TOPE IZQUIERDO, 66X50X29mm, POLIETILENO NEGRO;UND;31.00 ;31
605.01.519;RODAMIENTO 62205 2RS;UND;31.02 ;31.02
26.17.06.006628;CLIPS ANTI RUIDO NEGRO PARA PUERTAS ENROLLABLES ROLL-MIR P110 VA 10/21;UND;31.02 ;31.022812
20.97.03.003;HY NOZZLE:PMX 65A CUT (220819)                       ;UND;31.08 ;31.08
801.15.5075;PACKING VEE 192-693;UND;31.11 ;31.11
26.14.01.002;MOCHILA J.R.M. (merchandising);UND;31.36 ;31.356
25.03.340.100.095;"PLANCHA DE FIERRO 3/4"" x 100 x 95 MM";UND;31.54 ;31.53884615
605.03.434;"VALVULA ANTIRETORNO DE ½""";UND;31.66 ;31.66166692
603.05.015;ACOPLAMIENTO RAPIDO RECTUS  - COMPLETO (versión en acero) 1004181 equipo gema;UND;31.84 ;31.8358335
603.01.163;BROCA DE CENTRAR N° 3 DORMER;UND;31.86 ;31.85777778
12.02.02.098;BROCA P/FE 9.8MM;UND;31.91 ;31.91
20.63.01.100;LAINA PARA ALINEACION DE ROLL FORMING POSTES - 10 MM;UND;32.24 ;32.23866678
604.02.101;CONECTOR DE RED RJ45 CAT.6 - APANTALLADO CAJA X 100 UND. UGREEN;UND;32.37 ;32.36689655
11.04.12.005;POLO CUELLO CAMISERO MANGA LARGA T- XXXL ALGODÓN REACTIV 20/1 NARNJA Y AZUL MARINO C/4 CINTA REFLECT;UND;32.43 ;32.42857143
603.01.919.20;"MANGUERA HIDRAULICA 100R2 25"" X 1/4"" CONEXIÓN HEMBRA JIC CODO 90°";UND;32.50 ;32.5
602.02.923;PIEDRA ESMERIL 8 X 1 X 1 GRANO GRUESO;UND;32.57 ;32.57333333
601.01.23;RETEN 26190 CRWA1R  ( 2.625 X 3.5 X 0.375 );UND;32.66 ;32.6625
9.39.10.003;USB 64GB                                                                                            ;UND;32.66 ;32.66374988
15.47.06.009;RETEN TIPO CR 19786  ( RETEN METALICO  2.000 X 2.716 X 0.375);UND;32.72 ;32.718
602.01.201;CHALECOS JRM;UND;32.81 ;32.81
606.02.014;"BROCHA DE 4"" (TUMI)";UND;33.10 ;33.1
606.01.300;LIBRO DE OBRA;UND;33.12 ;33.12
603.02.078;FILTRO PARA PISTOLA;UND;33.16 ;33.158
602.01.099;CHOMPA DE LANA CUELLO JORGE CHAVEZ.;UND;33.29 ;33.29
20.90.51.001;AUTO-ELECTRIC RALAY RX2EM114;UND;33.30 ;33.29625
10.50.02.001;ALCOHOL 96%  X GALON;UND;33.47 ;33.47
801.15.6965;AISLADOR DE TOBERA PALS/ALUM HD LIGHTNING  63-6202-HD;UND;33.57 ;33.5669
604.07.083;ENCHUFE AEREO TRIFASICO 16 AMP -220 VAC;UND;33.72 ;33.72
409.18.70.02;RODAMIENTO LINEAL Modelo: LM10L;UND;33.77 ;33.77214257
602.01.173;PANTALON DENIM  CON CINTA REFLECTIVA TALLA 34;UND;33.97 ;33.97
9.70.01.005;Botella de Tinta Negra Epson T544;UND;34.09 ;34.09
20.63.03.003;LAINA PARA ALINEACIÓN DE ROLL FORMING VIGAS - 4 x Ø 80mm;UND;34.24 ;34.2415
602.01.287;Chaleco verde fosforecente  T-M ;UND;34.26 ;34.26
602.01.172;PANTALON DENIM  CON CINTA REFLECTIVA TALLA 32;UND;34.36 ;34.3615
602.01.171;PANTALON DENIM  CON CINTA REFLECTIVA TALLA 30;UND;34.39 ;34.38769231
13.05.2.108;CONECTOR INDUSTRIAL DE 6 PINES MACHO-35AMP (ENTRADA LATERAL);UND;34.45 ;34.45
13.05.2.109;CONECTOR INDUSTRIAL 6 PINES HEMBRA-35AMP;UND;34.45 ;34.45
605.05.94;SILICONA ROJA 2400 MARCA ABRO;UND;34.54 ;34.54292247
11.07.08.001;LENTES ROJOS P/MEDIDOR LASER;UND;34.75 ;34.75
10.58.01.001;BALDE CON ESCURRIDOR;UND;34.76 ;34.75818182
602.01.288;Chaleco verde fosforecente  T-L ;UND;34.78 ;34.78
605.01.523;RODAMIENTOS 6307 2RS;UND;34.79 ;34.79
12.68.03.001;CALIBRADOR DE PASO DE ROSCA MÉTRICA 60° Y WHITWORTH 55° (PITCH GAUGE);UND;34.80 ;34.8
603.02.490;BOQUILLA DE PTFE, COMPLETA COD.1006485.GEMA;UND;34.87 ;34.86805169
602.01.170;PANTALON DENIM  CON CINTA REFLECTIVA TALLA 28;UND;34.90 ;34.896
602.02.630;ESCOBILLA METALICA 40X40 PARA LASER;UND;35.00 ;35
15.20.04.007;FAJA B-110;UND;35.00 ;35
604.04.058;PULSADOR COLOR ROJO NC;UND;35.07 ;35.0715699
20.63.03.004;LAINA PARA ALINEACIÓN DE ROLL FORMING VIGAS - 4 x Ø 90mm;UND;35.12 ;35.12175
15.19.01.041;RODAMIENTO 16004Z;UND;35.23 ;35.22625
15.19.03.045;RODAMIENTO 30207 J-N;UND;35.59 ;35.59
801.15.4902;ALICATE PARA JAULA MANUAL S/M;UND;35.60 ;35.6
409.99.380;"CERROJO PESADO DE Ø5/8""x0.38M DE LONGITUD";UND;35.71 ;35.71428571
504.02.702;TUERCA DE FIJACION KM16;UND;35.73 ;35.73153342
54.01.007;RASCADOR EXT 46.5MM  X INT 35MM ESP X 8MM;UND;35.76 ;35.757
21.68.03.004;"Ventilador PVC, Ø Ext 5"" adaptable para motor electrico eje 19 mm";UND;36.00 ;36
9.70.01.003;Botella de Tinta Magenta Epson T504 320-AL;UND;36.16 ;36.15802708
604.03.316;LUZ PILOTO AMARILLO C/LED 24 VAC/DC 22MM IP65/MODELO:XB4BVB5/SCHNEIDER;UND;36.20 ;36.19555567
604.04.059;LLAVE TERMO MAG. DE 2X20 AMP TORNILLO PARA BARRA;UND;36.46 ;36.46
12.03.20.0330.341;"DADO 36MM C/ENCASTRE DE 1/2""";UND;36.77 ;36.77333333
603.01.132;BROCA P/FE 14 MM;UND;36.95 ;36.95
15.19.01.037;RODAMIENTO 6209- 2Z - C3;UND;36.99 ;36.9907674
602.03.932;FILTRO 3M 2091 P100 POLVOS NEBLINAS,HUMOS;UND;37.00 ;37
20.97.03.004;HY NOZZLE PMX 65A/85A GOUG(220797);UND;37.20 ;37.203625
9.70.01.006;Botella de Tinta Cian Epson T544;UND;37.38 ;37.38375011
9.70.01.007;Botella de Tinta Magenta Epson T544;UND;37.38 ;37.38375011
606.02.1450;LIMPIADOR DUSTER AIRE COMPRIMIDO CRC;UND;37.46 ;37.45761905
602.01.056;CAMISAS EN DRILL;UND;37.59 ;37.58823529
801.15.2145;TOBERA (NOZZLE);UND;37.68 ;37.67958333
603.05.020;Cobertura de gatillo (1000801) Equipo Gema Opti flex F;UND;37.72 ;37.7173334
801.15.4082;Manifold Cuádruple de PeAlPe 90°;UND;37.75 ;37.752691
15.80.16.340038;"GASKET 9"" STRB AUGER (340038)";UND;37.90 ;37.9
603.02.470;Nozzle diameter 2.5 mm (L240) PRECITEC;UND;37.98 ;37.980667
603.02.471;Nozzle diameter 3.0 mm (L241) PRECITEC;UND;37.98 ;37.980667
603.02.059;MANGA DE LONA (PINTURA);UND;38.00 ;38
801.15.1302;CUARNICION RADIAL (100795);UND;38.00 ;38
603.02.468;Nozzle diameter 2.0 mm (L238) PRECITEC;UND;38.00 ;38.00035398
604.04.057;PULSADOR COLOR VERDE NA;UND;38.03 ;38.02571429
801.15.5073;PACKING VEE 192-692;UND;38.08 ;38.08
11.25.01.003;HOMBRERA PARA DESCARGA DE MATERIAL;UND;38.14 ;38.136
603.01.366;"TOBERA DE 1/2"" (12.7mm) LIGHTNING 63-2150";UND;38.25 ;38.25491667
606.01.102;CARTUCHO EPSON P/IMPRESORA FX-890;UND;38.37 ;38.366667
10.50.03.001;ALCOHOL EN GEL X GALON;UND;38.81 ;38.81420893
26.36.02.127;BATERÍA ELÉCTRICA DE 12V / 7.0 AH;UND;38.94 ;38.944444
603.02.723.2;"NIPLE INOX DE 1 1/2"" X 55 mm - Roscado";UND;39.00 ;39
9.70.01.008;Botella de Tinta Amarilla Epson T544;UND;39.13 ;39.13
13.05.2.110;CONECTOR INDUSTRIAL 10 PINES MACHO-16AMP (ENTRADA LATERAL);UND;39.20 ;39.2
13.05.2.111;CONECTOR INDUSTRIAL 10 PINES HEMBRA-16AMP;UND;39.20 ;39.2
602.01.048;CHALECO T/REPORTERO C/LINEAS REFLEXIVAS 3M;UND;39.36 ;39.35583333
15.19.03.030;RODAMIENTOS 6906;UND;39.38 ;39.384167
21.72.01.0400;POLEA DOBLE DÍAMETRO 4” 2B;UND;39.55 ;39.55
604.07.038;PANEL LED P/ADOSAR REDONDO 24W 220V LUZ DIA;UND;39.66 ;39.65976
15.01.02.100.01;EMPUÑADURA - 1000 803;UND;40.00 ;39.998
20.90.24.101;TOPE Ø30 x 60mm CON ROSCA DE M8;UND;40.00 ;40
602.02.411;ESCOBILLON INDUSTRIAL DE CERDA;UND;40.21 ;40.20928571
606.01.895;Tinta Negra Brother BTD60BK;UND;40.30 ;40.29749988
603.02.007;EJE P/PIÑON DE TIMON;UND;40.38 ;40.38297337
20.90.52.008;Lifting Rocker Rok latch  WAP;UND;40.39 ;40.3925
801.01.581;CINTURON PORTA HERRAMIENTAS PARA ELECTRICISTA;UND;40.41 ;40.41
409.12.939;TOBERAS DE 5/8  ( 65-2562 );UND;40.49 ;40.49030407
409.18.802;RODAMIENTO CONICO 14137A;UND;40.55 ;40.553333
603.01.1066;Niple FN 1” x 4” Sch 80;UND;40.63 ;40.63
801.15.6531;FILTRO DE PINTURA PARA EQUIPO DE PINTAR MALLA 60.;UND;40.66 ;40.656
601.02.303;BALON DE OXIGENO - 10 MT3;UND;40.70 ;40.7
604.04.110;SOCKETS UJV 26.2914012;UND;40.77 ;40.768333
606.01.778;TINTA HP 920 COLOR CYAN COD CD972S;UND;41.16 ;41.15855418
606.01.775;TINTA HP 920 COLOR MAGENTA COD CD973S;UND;41.64 ;41.63780525
606.01.776;TINTA HP 920 COLOR YELLOW COD CD974S;UND;41.64 ;41.63780525
01604.03.313;PILOTO LED VERDE 22mm 220V;UND;41.90 ;41.899
15.19.01.045;TUERCA DE FIJACION N-09  SKF  ( G-18);UND;41.92 ;41.924
602.01.080;PANTALON DENIM ;UND;42.00 ;42
505.06.002;GARRUCHA AEREA DOBLES;UND;42.00 ;42
13.59.01.002;CONTACTO AUXILIAR LADN 11 SCHNEIDER;UND;42.29 ;42.294
801.15.6530;FILTRO DE PISTOLA DE PINTAR MALLA 60. ;UND;42.34 ;42.336
603.01.909;SOPORTE ELECTRODO PLANO COD.379140;UND;42.37 ;42.37
RPTS01S03000629;LH 130-143-7/9.5 LIMPIADOR PU YCC;UND;42.37 ;42.372881
MALLA101000011;"MALLA ELECTROSOLDADA GALV. 4"" X 4"", N° 10 MEDIDAS 2.060M ANCHO X 1.475M LARGO";UND;42.45 ;42.4510768
20.97.04.001;HY ELECTRODE PMX SPRING(220842)                   ;UND;42.79 ;42.79314
9.54.01.006;SELLO 94-110-8;UND;42.95 ;42.94666667
603.01.530;RODAMIENTO 6308 2Z C3;UND;43.14 ;43.14322699
13.05.2.107;CONECTOR INDUSTRIAL 16 PINES HEMBRA-16AMP;UND;43.45 ;43.45
21.30.3.209;CHUMACERA DE PARED FS-209;UND;43.71 ;43.71166667
603.02.405;RETEN HIDRAULICO PARA RASCADOR 31.5 X 40X 5;UND;43.74 ;43.74
602.03.0030;"TAPA RODAMIENTO DE BARRA REDONDA FE Ø 30MM X 0.015MM C/AGUJERO 3/8""";UND;43.86 ;43.85915094
801.15.5549;ACOPLAMIENTO ISO7-R1/4+ X 6 Cod.9740200432;UND;44.05 ;44.05
602.01.055;CAMISAS EN DENIM;UND;44.07 ;44.07
28.03.20.406;Funda para disco duro rígido, negro;UND;44.38 ;44.375
9.54.01.017;SELLO MECANICO MG 14;UND;44.82 ;44.82
606.01.999;Cartucho de tinta de color para HP DeskJet 4720;UND;44.89 ;44.88975
603.02.004;PIÑON PARA TIMON;UND;45.26 ;45.25748162
15.47.04.008;RETEN MECANICO 11124 (28.50 X 41.2X6.15 );UND;45.27 ;45.27
604.04.088;CIRCULINA BOBINA 220 vac;UND;45.37 ;45.37428571
606.01.925;Cartucho de tinta negro para HP DeskJet 4720;UND;45.66 ;45.65983333
26.15.01.10.452;CONDENSADOR  6 uf 500 VAC;UND;46.00 ;46
26.15.01.10.451;CONDENSADOR DE 5?F -250 vc  60hz;UND;46.00 ;46
603.02.400.0203;CABEZAL PARA VASTAGO - TIPO HORQUILLA SG - M10X1.25;UND;46.15 ;46.1512
20.83.100.801;Candado para Cadena Paso 1” ASA 80-1R;UND;46.31 ;46.31342857
603.01.376;CONECTOR HEMBRA P/MAQUINA MIG MAG;UND;46.58 ;46.57964286
20.90.56.001;CHAING ISO-08B;UND;46.73 ;46.73481467
409.18.905.03;RODAMIENTO CONICO 32304-A;UND;46.82 ;46.815
13.24.04.007;FUSIBLE MP75 (DAITO) - 7.5 Amp.;UND;47.10 ;47.098
608.01.311;CINTA SCOTCH 3M VULCANIZANTE 3/4;UND;47.29 ;47.288136
21.1.20.78.105;Acero VCL Diametro 78 mm x 105 mm;UND;47.38 ;47.375
15.19.01.040;RODAMIENTO AXIAL DE BOLAS 31305;UND;47.67 ;47.665
603.02.485;Nozzle double injector DE HP1.5-3.0 CON DD PRECITEC;UND;47.82 ;47.82197286
53.140.160.192.2.16;ARANDELA DE RETENCIÓN Ø140 X Ø160 X 192 X 2 X 16 mm;UND;47.88 ;47.8755
409.18.739;Rodamiento 6212-2Z;UND;47.90 ;47.9
801.15.5078;PACKING VEE , LEATHER 178-940;UND;47.94 ;47.94
606.02.155;DISPENSADOR P/PAPEL HIGIENICO;UND;48.00 ;48
20.90.56.002;CHAIN ISO 06B-1;UND;48.04 ;48.04
20.94.02.001;HOROMETRO DE PANEL TAXXO 112 220V 2W (GRASSLIN);UND;48.41 ;48.41125
801.09.002;REMACHADOR T/ACORDEON;UND;48.50 ;48.5
409.12.1290.011;Cable Siliconado para ignicion  - 3003972;UND;48.62 ;48.62
603.02.467;Nozzle diameter 1.8 mm (L237) PRECITEC;UND;48.85 ;48.845
801.06.174.2;CUCHILLA PANTOGRAFO CARBURADA DE 8 MM;UND;48.98 ;48.975
01603.01.524;RODAMIENTO DE RODILLOS CONICO 15245;UND;48.99 ;48.99
606.02.504;RESORTE DE GUILLOTINA 2   DIAM 72 X 90 DIAM DE ALAMB. 8MM;UND;49.02 ;49.02
15.19.030.01;RODAMIENTO RIGIDO DE BOLAS 6308 2Z-C3;UND;49.28 ;49.283
25.1.40.010.2000.1;ACERO PLATA  Ø 8 mm X 1 mtr;UND;49.62 ;49.62052333
15.80.16.340039;"GASKET END PLATE AUGER 6"" (340039)";UND;49.65 ;49.6525
601.01.027;BALDE DE ACEITE HIDRAULICO VG 32;UND;49.75 ;49.74552
504.02.702.1;TUERCA DE FIJACION KM 18 M 90 X 20 MM;UND;49.86 ;49.86
603.02.316;BOTIQUIN PRIMEROS AUXILIOS;UND;50.00 ;50
604.04.045.01;Bloque Luminoso, LED, Verde, Constante, 230V a 240V, Fijación de Tornillo  ZBV-M3;UND;50.30 ;50.3
801.15.5076;GLAND FEMALE PISTON 178-939;UND;50.32 ;50.32
605.03.416;PORTA FILTRO;UND;50.42 ;50.42
409.18.5.07;RODAMIENTO P/CHUMACERA Ø30mm UC206;UND;50.42 ;50.42492
604.04.386;RELE 24 VDC/4C/0-6 14 PINES CON LED /REF:RXM4AB2BD/SCHNEIDER;UND;50.61 ;50.60870968
603.05.016;"BOQUILLA ATORNILLABLE 1/8"" Ø6mm  (OR GEMA 262315)";UND;50.68 ;50.683333
605.02.953;COLADOR PINTURA EN POLVO C/ MALLA DE 400 MICRAS;UND;50.78 ;50.775
602.01.164;BOTA DE SEGURIDAD C/NEGRO TALLA 35;UND;50.80 ;50.8
602.01.163;BOTA DE SEGURIDAD C/NEGRO TALLA 36;UND;50.80 ;50.8
604.04.510;AMPOLLA P/ALOGENURO 250W (PHILIPS);UND;50.85 ;50.85
21.30.5.003;CHUMACERA DE PIE UCP205D1;UND;51.02 ;51.0159998
25.33.01.040;FRESA CARBURADA DE ESPIGA RECTA Ø 4MM;UND;51.08 ;51.07599537
604.03.041;Luminaria LED 36 W (Luminaria tipo hermetica 36W);UND;51.12 ;51.12050118
28.16.02.001;ADAPTADOR DE VIDEO DISPLAYPORT A HDMI;UND;51.24 ;51.24
603.02.300.001;DIFUSOR 63-3103 LIGHTNING;UND;51.31 ;51.30623333
603.02.921;CHUMACERA DE PIE   P-205;UND;51.39 ;51.38664682
13.28.02.250.050;TRANSFORMADOR DE CORRIENTE RATIO:250/5A;UND;51.49 ;51.49428557
MALLA101000013;"MALLA ELECTROSOLDADA GALV. 4"" X 4"", N° 10 MEDIDAS 2.510M ANCHO X 1.475M LARGO";UND;52.14 ;52.14363625
603.02.469;Nozzle diameter 2.3 mm (L239) PRECITEC;UND;52.25 ;52.25140248
603.01.285;LAINER DE 0.8 MM P/ANTORCHA LIGHTNING;UND;52.63 ;52.629
605.01.525;RODAMIENTO 6210 2 RS;UND;52.72 ;52.72302989
27.04.01.004;GRASA LIQUIDA PENETRANTE Y ADHESIVA CHEN LUBE 3000 CGS;UND;52.80 ;52.8
603.01.374;CONECTOR MACHO P/MAQUINA MIG MAG;UND;52.87 ;52.8695
801.15.6533;FILTRO DE SUCCION PARA EQUIPO DE PINTAR.;UND;53.09 ;53.088
409.12.1290.010;Cable Siliconado para ionizacion - 3003848;UND;53.19 ;53.19468
409.18.805;RODAMIENTO INSERTABLE GY 1100 KRRB;UND;53.37 ;53.366667
602.02.959;ESCUADRA CON NIVEL REGULABLE;UND;53.52 ;53.5236277
409.18.905.01;RODAMIENTO CONICO 32206-A;UND;53.62 ;53.62
603.02.103.1;FAJA DE TRANSMISION SPA 2682 Ld;UND;53.84 ;53.84372
28.53.01.001;AUDIFONOS CON ENTRADA DE USB;UND;54.16 ;54.15874988
28.16.04.001;ADAPTADOR DE VGA A HDMI;UND;54.21 ;54.21
12.28.01.102;Cargador para celular con cable tipo C.;UND;54.21 ;54.21
12.46.01.040.070;JUEGO DE MACHO M4 X 0.7;UND;54.68 ;54.67666667
15.20.04.010;FAJA B-146;UND;54.71 ;54.71472192
801.15.2144;LINER PARA ANTORCHAS PANASONIC (LINER FOR PANASONIC TORCH);UND;54.74 ;54.741667
801.15.299;TOMACORRIENTE DOBLE PARA ENERGÍA ESTABILIZADA (SEÑALIZADO), 2 TOMAS DE 15 A, 2 POLOS MÁS TIERRA, 12;UND;55.00 ;55
801.15.1937;FOTEK M8-4R-5M - CABLE CONECTOR M8 RECTO DE 4 PINES X 5MTS;UND;55.09 ;55.085
15.20.03.020;FAJA C-134;UND;55.13 ;55.13241538
801.06.163;JUEGO DE LIMATONES DIAMANTADOS-FINOS (REDONDO,TRIANGULAR,MEDIA LUNA);UND;55.36 ;55.35738
603.01.009.01;TOBERA  PARA MSUV;UND;55.80 ;55.797
603.02.981;RETEN HIDRAULICO 40 X 62 X 8 MM;UND;55.92 ;55.915
604.04.393;PULSADOR CON RETENCION 22 MM / CONTACTOS 1 NA- 1 NC;UND;55.96 ;55.96217
409.18.905;RODAMIENTO CONICO 32007;UND;56.46 ;56.46166667
20.10.04.018;EXPULSOR ULTRA TEC ESTACION A REDONDO 4,00MM;UND;56.64 ;56.644
801.01.043;"LLAVE FRANCESA 12 """;UND;56.70 ;56.69516512
15.47.06.001;RETEN FKM 55 X 90 X 10;UND;57.13 ;57.1325
603.04.314;SPAZZOLA PULILAMA 6X25 030 GG5,COD.025.0552,SHARK 331 NC 5.0 SPIDER;UND;57.23 ;57.23
25.04.02.118.400;"EJE CROMADO 1  1/18"" X 400 MM";UND;57.30 ;57.3
605.02.001.1;DURALUMINIO 50 MM X 100 MM;UND;57.34 ;57.33623
603.01.325.221;KIT VENTILADOR C/FILTRO 220 VAC 12X12 CM;UND;57.60 ;57.6
15.67.04.014;PIEZA CILINDRICA P/ PISTOLA P/SOLDADURA LASER (Cylinder part for laser welding);UND;57.72 ;57.724
13.23.05.002.01;RELE FINDER 40.31 de 10a. 250v.;UND;57.90 ;57.895
603.02.192;PIEDRA DE ASENTAR;UND;58.01 ;58.01
15.19.03.028;RODAMIENTO 2205-C3;UND;58.52 ;58.52
501.01.317;MANOMETRO DE 0-16 BAR,  C/ROSCA ATRÁS DE ¼ NPT;UND;58.66 ;58.6613335
13.37.3.02.002;SELECTOR DE 3 POSICIONES,  M3SS4-10B-KAA, CONTIENE 2NA – MARCA ABB.;UND;59.21 ;59.209
603.02.390.01;RETEN HIDRAULICO 112 x 125 x 9mm;UND;59.32 ;59.32
604.04.139;"PRENSA DE GATILLO TIPO F LIBERACION RAPIDA 24""";UND;59.32 ;59.32
409.21.120;ESPEJOS REFLECTIVO P/SENSOR MOD:V61 OPTEX;UND;59.32 ;59.3225
603.02.464;Nozzle diameter 1.0 mm (L234) PRECITEC;UND;59.68 ;59.676
13.98.01.010;BISAGRA INTERMEDIA TIPO E REF. 25233.1;UND;59.73 ;59.732
603.01.524;SOPORTE ELECTRODO REDONDO COD 382914;UND;60.00 ;60
12.14.02.008;CEPILLO DE LIMPIEZA PARA SIERRA CINTA SHARK 331;UND;60.15 ;60.15192016
603.02.361.1;MANOMETRO CON GLICERINA DE 0-60 BAR CONEXIÓN INFERIOR 1/4 NPT;UND;60.46 ;60.46222222
604.03.302;LAMPARA DE SEÑALIZACION ROJO (220v);UND;60.67 ;60.67
604.03.311;LAMPARA LUMINOSA VERDE 220 VAC;UND;60.67 ;60.67
20.90.65.001;Elater Jump Ring 1  DO-22;UND;61.57 ;61.5725
601.02.105;BALON D/GAS P/MONTACARGA x 15 KG;UND;61.98 ;61.97555545
15.67.04.019;BOQUILLA DE LATÓN P/SOLDADURA LASER, duración 360 horas (Weld brass nozzles);UND;62.01 ;62.005875
11.25.01.001;MANDIL DE CUERO MARRON RESISTENTE (INDUSAN);UND;63.00 ;63
15.67.04.018;LENTE DE PROTECCION P/SOLDADURA LASER, duración 240 horas (Protection lens);UND;63.31 ;63.311667
409.18.791;GRASA SKF LGEP2, CARTUCHO 420 ml;UND;63.73 ;63.726
26.54.04.416;Decalcifying Liquid;UND;63.86 ;63.863
606.02.506;RESORTES TIPO DISCO ØINT 46 MM x Ø EXT 89MM, ESPESOR 4.8MM;UND;63.90 ;63.9
604.01.098.02;LINER 15` .030 - .035 (42-3035-15);UND;63.91 ;63.905
12.12.02.002;"CUCHILLA HSS CUADRADA 1/2"" X 4""";UND;64.00 ;63.998
801.15.5080;O-RING #218 BUNA 15018-11-6 NP: 158-776;UND;64.60 ;64.6
20.12.002;PISADOR CIEGO ESTACION B - PUNZONADORA;UND;64.68 ;64.676667
801.15.6930;SILLA DE PLASTICO ADA SIN BRAZO NEGRO;UND;65.00 ;65
603.01.919.21;"MANGUERA HIDRAULICA 100 R2 5/8 "" X 40 CM CONEXION H. RECTO JIG  - CONEXIÓN CODO JIG";UND;65.09 ;65.09
MALLA101000014;"MALLA ELECTROSOLDADA GALV. 4"" X 4"", N° 10 MEDIDAS 2.510M ANCHO X 1.845M LARGO";UND;65.20 ;65.20453451
603.02.045;MANGA DE LONA D 22 CM - 3.05 M;UND;65.54 ;65.537778
409.19.013;RUEDA FE FUND DIAM EXT 118X56 MM ANCHO C/PESTAÑA;UND;66.32 ;66.31632256
603.05.216;PIÑON DEL MOTOR (GEAR MOTOR) W0000352059;UND;66.56 ;66.56
21.30.3.210;CHUMACERA DE PARED F-207  DIAMETRO DE EJE 35MM;UND;66.82 ;66.8164
603.02.651;"CHUMACERA DE PIE P-206 Ø 28.58MM (1 1/8"")";UND;66.83 ;66.83
20.82.03.012.018;CADENA PASO ½” X 1/8”;UND;67.00 ;67.0029
210.1.06.001.01;BASE FINDER 96.63;UND;67.16 ;67.155
801.15.5540;"CONJUNTO DE POLIPROPILENO   (ROPA DE FRIO ""CALENTADORES"")";UND;67.30 ;67.3
18.33.004.06;PISTON DE CONFORMACION (SHEPING CYLINDER);UND;67.49 ;67.485
RPTS01S03000626;LH 180-193-7/9.5 K103 PU RETEN LIMPIADOR S;UND;67.80 ;67.79661
25.49.01.001;CAJA DE ALMA EN MADERA;UND;67.80 ;67.8
801.01.051;TIJERAS DE HOJALATA;UND;68.00 ;68
801.12.020;MACHO M3;UND;68.00 ;68
604.05.465;Conector Anderson SY 50A-600V Macho - BATERIA RUNNER WAP;UND;68.06 ;68.05846154
409.19.014;RUEDA FE FUND DIAM EXT 118X56 MM ANCHO S/PESTAÑA;UND;68.45 ;68.44813543
12.46.03.516.180;"JUEGO DE MACHO UNC 5/16"" X 18";UND;68.54 ;68.53922667
15.15.05.010;MANOMETRO VERTICAL CON GLICERINA DE 0 A 500 BAR ROSCA 1/4 NPT;UND;68.70 ;68.7
801.15.3999;KIT NON RETURN VALVE COD:2901107700;UND;69.00 ;69
602.22.018;MALLA PARA PANEL 15.3 DE 750 X 375 MM COD.100-903-1;UND;69.29 ;69.2865
20.12.04.05.001;PISADOR SQ 5 - PUNZONADORA;UND;69.33 ;69.32785714
801.01.204;"TIJERA PARA LATA DE 12""";UND;69.75 ;69.75
801.15.3776;SENSOR DE PROXIMIDAD 24 VDC NC 3 HILOS NPN ;UND;70.14 ;70.1416
20.97.05.001;HY SHIELD PMX 45A/85A HAND(220818)             ;UND;70.82 ;70.8228
25.1.81.058.090.0115;ACERO CHROINT T1 500 50.8 X 90 X 115 MM;UND;71.00 ;70.9975
28.16.04.005;ADAPTADOR MINI DISPLAYPORT DP A VGA;UND;71.71 ;71.705
602.02.960;"TERRAJA DE Ø 1/4"" NC";UND;72.03 ;72.03
801.15.4717;KIT CARBON + PORTA CARBON DCD985 DEWALT;UND;72.08 ;72.08
20.02.263;PEGAMENTO LOCTITE 620 (VERDE) 50ML;UND;72.26 ;72.255
20.96.02.028;"VALVULA DE BOLA DE 2""  INOX  316 - 1000 W0G - ROSCABLE";UND;73.73 ;73.73
21.72.03.002;"Polea de fierro fundido 3"" x 2B";UND;74.44 ;74.4375
20.97.05.002;HY SHIELD PMX 65A/85A GOUG(220798);UND;74.56 ;74.5612
801.15.1694;CONECTOR ANDERSON SB 50A 600V, GRIS  Hembra -  BATERIA RUNNER WAP;UND;75.00 ;75
801.15.1693;CONECTOR ANDERSON SB 50A 600V, GRIS  Macho -  BATERIA RUNNER WAP;UND;75.00 ;75
602.03.935;PROTECTOR DE LUNA  3M 6885;UND;75.06 ;75.06
29.20.01.004;ANILLO DE SUJECION PARA PISTOLA DE POLVO MANUAL COD.1000898;UND;75.34 ;75.34
603.02.428;PLACA COMPLETA 1002028;UND;75.34 ;75.34
801.15.6532;FILTRO DE PINTURA 60 MESH DE EQUIPO DE PINTAR.;UND;75.60 ;75.6
606.01.899;"CINTA BROTHER TZE-S231 BLACK ON WHITE INDUSTRIAL 1/2\"" (12 MM)";UND;75.65 ;75.646667
20.90.57.001;DITCHING AXLE BEARING 16004ZZ;UND;75.74 ;75.74125025
801.15.2147;CAÑON DE PISTOLA (GUN BARREL);UND;75.99 ;75.989
801.15.6800;FILTRO DE PINTURA 60 MESH  244-067;UND;76.19 ;76.1875
15.15.05.009.03;RETEN METALICO HIDRAULICO DE DOBLE LABIO 29-40-6   V    B-S 10;UND;76.27 ;76.27
20.0300.0450.01;"TUBO CEDULA 80  Ø 3"" X 6""";UND;76.27 ;76.27
RPTS01S03000630;RH 130-150-15 A154 PU RETEN HIDRAULICO;UND;76.27 ;76.271186
603.04.017;ELECTROVALVULA 24 VDC, 5/2 VIAS, REACCION A RESORTE;UND;76.38 ;76.376667
602.01.066;COPA NASAL 3M 6894 P/6800 P/MASCARILLA PANORAMICA;UND;76.60 ;76.60033333
603.02.360;Manometro 0-300 psi Dial 2” x ¼” NPT;UND;77.10 ;77.0956887
602.02.570;ACCESORIO PARA BARRER MODELO ACCBAR;UND;77.26 ;77.2593
RPTS01S05000250;SENSOR DE PROXIMIDAD INDUCTIVO 3 HILOS 12-24VDC NPN 18MM CAB. RASANTE;UND;77.31 ;77.31416
21.31.8.001;RESORTE CONVEXO DE TRACCION DE SECCION CIRCULAR – LONGITUD 6”;UND;78.00 ;78
20.63.03.002;LAINA PARA ALINEACIÓN DE ROLL FORMING VIGAS - 8 x Ø 90mm;UND;78.05 ;78.0485
21.15.4.18.117;"PIÑON SIMPLE Z17 PASO 1""";UND;78.74 ;78.74
603.02.274;ELECTRODO TIPO U;UND;79.06 ;79.05904007
409.18.905.02;RODAMIENTO CONICO 32305-A;UND;79.36 ;79.36
602.03.958.06;ACOPLE DE CADENA KC-4014;UND;79.61 ;79.61
15.47.02.003.1;RETEN NEUMATICO DI 153 X DE 171MM ANCHO 10MM;UND;80.51 ;80.5084
603.01.976;Pastilla Carburada HB-05;UND;80.70 ;80.69866512
20.97.01.001;HY SWIRL RING PMX 65A/85A;UND;81.18 ;81.18
603.01.913;FLUDIFICADOR  MPS- B  COD. 237 264;UND;82.07 ;82.07
20.90.18.007;Gear A  24PCS;UND;82.10 ;82.1
20.90.18.008;Gear B  24PCS;UND;82.10 ;82.1
603.05.057;SLIDE BLOCK THK SHS25;UND;82.14 ;82.13875
20.90.20.004;HUB - MOTOR SPROCKET (349123);UND;83.45 ;83.45
13.44.01.1805;SENSOR INDUCTIVO MODELO PM18 – 05P-S MARCA FOTEK;UND;83.90 ;83.9
801.15.1465;RETEN NEUMATICO Øext 153mm Øint 133mm Altura 13mm;UND;84.75 ;84.746667
25.33.01.080;FRESA CARBURADA DE ESPIGA RECTA Ø 8MM;UND;85.20 ;85.19982
OCONS0105000099;LIMPIADOR DESENGRASANTE QUICK ORANGE 1 GL;UND;85.28 ;85.2825
19.04.04.001;CINTA DE DOBLE CONTACTO;UND;86.10 ;86.1033
25.33.01.060;FRESA CARBURADA DE ESPIGA RECTA Ø 6MM;UND;86.93 ;86.93082
603.03.057.001;Conexión manguera (387827) Equipo Gema Opti flex F;UND;88.17 ;88.17
603.01.996;TUBO DEL POLVO COMPLETO COD 1001339;UND;88.93 ;88.92857129
13.98.01.006;CASET PANEL SECCIONAL 610x40 INFERIOR IZQUIERDO;UND;89.15 ;89.1475
13.98.01.008;CASET PANEL SECCIONAL 610x40 INTERMEDIO IZQUIERDO;UND;89.15 ;89.1475
13.98.01.005;CASET PANEL SECCIONAL 610x40 INFERIOR DERECHO;UND;89.15 ;89.1475
13.98.01.007;CASET PANEL SECCIONAL 610x40 INTERMEDIO DERECHO;UND;89.15 ;89.1475
604.03.016;LAMPARA PARA CAMPANA 400W-200V, 60Hz;UND;89.97 ;89.966
604.05.463.01;CONECTOR ELECTRICO 6 PINES HEMBRA  Y MACHO - 16 A;UND;90.20 ;90.204
603.02.492;Nut,Mod.MU HP, NºP0591-1095-00001;UND;90.55 ;90.55
13.14.2.02.040;LLAVE TERMICA P/GRAPA TRIFASICO 40A 220 VAC (GENERAL ELECTRIC);UND;91.01 ;91.01
54.01.006;RASCADOR 94-98-15;UND;92.23 ;92.23
20.97.01.002;HY SWIRL RING PMX 65A/85A(220857);UND;92.59 ;92.59166667
13.24.04.006;FUSIBLE GP10 (DAITO) - 1.0 Amp.;UND;92.62 ;92.624
801.15.3054;SENSOR PARA ANTORCHA HYPERTHERM 85;UND;93.00 ;93
13.30.05.03.006;CONTACTOR LC1D12 D/BOBINA 1NA+1NC 220V 50/60HZ;UND;93.33 ;93.33
603.05.013;EMPALME MANGUERA COMPLETO Ø 6/4 mm (versión en acero) 1004184  equipo gema;UND;93.34 ;93.335
604.04.398;PULSADOR ROJO NC LUMINOSO 220 VAC 22MM;UND;93.99 ;93.9875
15.97.01.007;SMS FILTER ELEMENT AFM40-04D-A;UND;94.00 ;94
13.44.12.1225;SENSOR INDUCTIVO 3 HILOS,22 mm, 30 VDC, PNP, CABEZA ROSANTE;UND;94.07 ;94.068
12.75.02.100.2;ESCARIADOR MANUAL 6 MM;UND;94.24 ;94.24
604.01.086;CONTACTOR LC1D12;UND;95.50 ;95.503333
604.04.607;LLAVE TERMOMAGNETICA 3x32AMP 220/400V  C/RIEL DIN SHNEIDER;UND;95.60 ;95.59784921
604.01.089;LLAVE TERMOMAGNETICA 3X16A/20KA - 220VAC/DIN;UND;95.61 ;95.6075
606.01.777;TINTA HP 920 COLOR BLACK COD CD971A;UND;95.70 ;95.69981641
13.39.220.001;BOBINA 220 VAC P/CONTACTOR LC1-D32 SCHNEIDER;UND;96.12 ;96.12
801.02.3804;GRASA SKF LGMT 2/1 ENVASE DE 1 KG;UND;96.14 ;96.13666667
13.30.01.012.220;CONTACTOR LCD12 220 VAC;UND;96.42 ;96.4225
602.01.125;Respirador de Silicón 7502 de Media Cara de 3M;UND;96.52 ;96.5153337
601.01.108;EMPALME MANGUERA COMPLETO Ø 6/4 mm (versión en acero) Nº1004184 ;UND;96.78 ;96.775
801.15.7016;LUBRICANTE LPS FORCE 842 (11OZ);UND;97.32 ;97.32375
15.81.03.001;"ACOPLE DE GARRA DE 1-1/4"" CLEMCO ROSCA HEMBRA- NYLON";UND;97.39 ;97.39
602.02.1018;"POLEA  ALUMINIO  Ø4"" CON 5 CANALES DE  ½""";UND;97.49 ;97.49
13.98.01.009;BISAGRA LATERAL+PORTAR REF. 25234.1;UND;97.69 ;97.691
800.01.039;LÁMINAS PARA ENMICAR A3 (100 UNIDADES POR PAQUETE) 125 MICRONES;UND;98.00 ;98
13.36.01.003;BANDEJA DE ACERO INOXIDABLE PEDILUVIO;UND;98.36 ;98.36333333
801.15.1452;PULSADOR LUMINOSO RASANTE VERDE 22mm 24V NA+NA (SCHNEIDER);UND;98.65 ;98.654
18.33.004.03;MANGO DE PISTOLA - WELDING TORCHES  ( GUN  HANDLE);UND;99.10 ;99.1
603.05.010;OPTIFLOW HOSE CONNECTOR (GEMA);UND;99.44 ;99.44265451
603.02.461;ROUND JET NOZZLE CPL NS04-11 COD. 1008150. GEMA;UND;100.00 ;100
604.05.369;"MANGUERA DE 1/4"" X 1 M, 225 BAR";UND;100.00 ;100
604.05.60;RELE DE 4 PINES;UND;101.51 ;101.5127429
RPTS01S03000631;PS 140-119-8.1 PISTON SEAL PTFE 2PC BS;UND;101.69 ;101.694915
21.76.01.001;DOBLE TUBO CROMADO P/ASPIRADORA CHASQUI;UND;101.99 ;101.9899999
12.46.03.140;JUEGO DE MACHOS 1/4 NC;UND;102.23 ;102.23286
602.01.052;ARNES 3M 6897 P/RESPIRADOR 6800 P/MASCARA PANORAMICA;UND;102.46 ;102.45895
21.31.7.030.080;Resorte Coreano  Ø30 x 80mm ( MOULD SPRING);UND;102.78 ;102.7816
603.01.227;ROTULA DE BRONCE Ø 15 mm x 50 mm ato aprox.;UND;103.00 ;103
15.51.003;Manguito roscado (GEMA – 387 819);UND;103.73 ;103.7331857
801.15.4379;CHUMACERA SKF UCFL-206 Ø30MM BRIDA;UND;103.97 ;103.96875
13.44.08.001;SENSOR TLE XCKM 115 / TELEMECANIQUE;UND;105.48 ;105.48
603.02.148.1;CHUMACERA UCFA206 NTN;UND;105.55 ;105.553333
20.90.46.001;EXPANSION SLEEVE  Ø 47 X Ø 20;UND;106.54 ;106.54
28.53.01.002;Audífonos inalámbricos bluetooth.;UND;106.65 ;106.654
9.54.01.008;RASCADOR 132-139-15;UND;106.82 ;106.82
409.99.115;CERRADURA PARA RADIO SHUTLLE WAP;UND;106.84 ;106.8371429
15.47.01.005;RETEN NEUMATICO 210-180-15;UND;107.17 ;107.1666667
0113.14.2.06.051;CONTACTOR  CAD32 - 3NA+2NF 24VAC (SCHNEIDER);UND;107.95 ;107.9541667
602.01.0801;repuesto de visor AIR P/ mascara panorámica;UND;108.00 ;107.9981818
28.05.03.128;MEMORIA COMPACTFLASH INDUSTRIAL 128 MB;UND;108.21 ;108.213333
85.05.100.001;RUEDA DE CORTE PARA COBRE Y ACERO INOXIDABLE (PARA CORTADORA DE TUBOS);UND;109.00 ;109
801.15.4025;SELLOS - 923650;UND;109.73 ;109.73
21.30.5.006;CHUMACERA DE PIE P-209 ( Ø 45 MM );UND;109.86 ;109.86304
15.50.01.50.0011.02;CILINDRO DOBLE EFECTO AIRTAC MODEL: SC50 X75;UND;109.97 ;109.97
18.33.004.10;GUIA LINEAL DE DEZPLAMIENTO ( LINEAR GUIDE 2 GUIDE );UND;109.97 ;109.97
RPTS01S03000628;RH 180-205-15 A101 PU RETEN HIDRAULICO;UND;110.17 ;110.169492
13.01.23.004;SENSOR DE TEMPERATURA TIPO J;UND;110.17 ;110.17
20.12.003;PISADOR CIEGO ESTACION C - PUNZONADORA;UND;110.30 ;110.296667
603.02.489;Spatter protection plate,Mod. ZM ProCutter PP, NºP0595-59619;UND;110.57 ;110.565
603.02.493;Auxiliary tool,Mod.WH 1090,Nº P0001-090-00001;UND;110.58 ;110.58
603.02.916;CHUMACERA DE 1 1/2 UCF208-24;UND;110.94 ;110.935
801.01.233;EXTENSION GRASERA MANGUERA;UND;111.00 ;111
9.41.2.11.08;TINTA HP OFFICEJET PRO 8600 951XL YELLOW CN052S;UND;111.00 ;111.0027006
603.05.014;EMPALME MANGUERA COMPLETO Ø 8/6 mm (versión en acero) 1004183 equipo gema;UND;111.45 ;111.4483333
605.03.681.01;BATERIA DE LITHIUM + CR17335 3V;UND;111.90 ;111.9
13.14.2.02.042;LLAVE TERMICA P/GRAPA TRIFASICO 50A 220VAC;UND;112.06 ;112.06
9.41.2.11.11;TINTA HP OFFICEJET PRO 8600 951XL MAGENTA CN050S;UND;112.42 ;112.4222619
13.34.01.001;TEMPORIZADOR ELECTRÓNICO 0A 30 SEG PARA RIEL;UND;112.45 ;112.4478571
9.41.2.11.18;TINTA HP OFFICEJET PRO 8600 951XL CYAN CN51S;UND;112.92 ;112.9186613
801.15.1576;Faja Trapezoidal C-210 (C53921) - OPTIBELT;UND;113.94 ;113.9425
28.11.03.003;TARJETA WIRELLES PCI EXPRESS 2.0;UND;114.27 ;114.2674445
25.23.01.001;DIAMANTE P/RECTIFICADORA;UND;114.41 ;114.406667
801.06.413;MEDIDOR DE ELECTRICIDAD TRIFASICO INDUSTRIAL;UND;114.75 ;114.75
603.02.243;ELECTRODO PICO DE LORO;UND;115.00 ;115
15.47.01.007;RETEN NEUMATICO Ø 112-125-9;UND;116.48 ;116.479
602.02.997;JUEGO DE MACHOS 5/16 NC;UND;119.27 ;119.2659
604.04.394;PULSADOR DOBLE LUMINOSO METALICO 1NA+1NC, 240VAC, XB4BW73731M5;UND;119.32 ;119.3199998
13.14.2.02.043;LLAVE TERMICA P/GRAPA TRIFASICA 63A 220VAC;UND;119.94 ;119.94
801.01.206.01;POTENCIOMETRO DE PRECISION DE 10 KOHMIOSPLACA TIPO DIN;UND;120.00 ;120
12.02.07.060;BROCA CARBURADA 6 MM;UND;120.00 ;120
603.02.488;Pressing Ring Cartridge Protective Window,Mod.ZM ProCutter WK OG PR, NºP0595-58618;UND;121.26 ;121.264
13.57.01.001;SWITCH FINAL C/ ROLDANA DE ACERO “XCKM 102” MARCA SHCNEIDER E.;UND;121.34 ;121.34
13.29.01.002;FINAL DE CARRERA XCK M102;UND;121.34 ;121.34
12.73.03.020;FRESA ESPIGA 4 FILOS CARBURADA Ø 10 X 70 MM;UND;121.83 ;121.82778
13.52.01.400;BALASTRO REACTOR P/LAMP. H. MET. 400W 220V - 60HZ – PHILIPS.;UND;121.91 ;121.9102488
20.10.04.020;MATRIZ ULTRA TEC ESTACION A REDONDO 4,00+0.17MM;UND;123.28 ;123.284
20.10.04.019;MATRIZ ULTRA TEC ESTACION A REDONDO 4,00+0.23MM;UND;123.28 ;123.284
605.02.103;BARRA CROMADA DIAMETRO 16 MM X 1000MM;UND;123.78 ;123.781383
1CAHE.0001.0002;CAJA METALICA DE HERRAMIENTAS DE 3 NIVELES;UND;125.00 ;125
601.01.017;TONER HP CB436A NEGRO PARA IMPRESORA M1120;UND;125.85 ;125.8538888
15.19.022;RODAMIENTO SEGUIDOR DE LEVA KR 30;UND;126.50 ;126.4996213
604.04.995;RESISTENCIA DE FRENADO PARA VARIADOR TECO MODELO:E310-201-H3(0.75KW);UND;127.12 ;127.12
603.01.198;PORTA PUNTA ABIROB A500 CZ - ROBOT JRM;UND;127.76 ;127.76439
20.90.20.001;HUB - AUGER SPROCKET (349119);UND;128.11 ;128.11
603.04.45.01;PISTON NEUMATICO 25X125 -S;UND;128.82 ;128.8175557
28.11.02.951;TARJETA DE RED-TP-LINK TL-WN951N (300 MBPS WIRELESS N PCI);UND;130.13 ;130.13
15.19.026.01;RODAMIENTO DE BOLAS CON COLLAR DE BLOQUEO EXCENTRICO 1100 KRR MARCA TINKEN;UND;130.57 ;130.5739287
606.02.156;DISPENSADOR P/PAPEL TOALLA;UND;131.00 ;131
605.03.402.1;AIR FILTER COD: 42191031;UND;132.13 ;132.13
604.04.038;LLAVE TERMOMAGNETICA P/RIEL 3X20 AMP;UND;134.65 ;134.652
409.09.027;CADENA PIN HUECO PASO 50MM S/M SIFAP;UND;135.00 ;135
603.02.250.01;MANGA  COLECTOR DE POLVO  - Ø 30 CM X 230CM;UND;135.10 ;135.1
603.02.462;Protective Windows Ø37 D7 PRECITEC, Mod.OG Y D37 d7;UND;135.22 ;135.2225
20.97.02.002;HY CAP PMX 65A/85A(220854)                                ;UND;135.29 ;135.288
604.04.610;LLAVE TERMOMAGNETICA 3X50 AMP GSB2 C-50 415V;UND;136.76 ;136.76
602.02.950;"TERRAJA DE Ø 3/8"" NC";UND;136.94 ;136.935
28.02.12.041;Memoria RAM DDR3 8GB;UND;139.01 ;139.01325
9.54.01.011;SELLO METALICO TC USA 25002254;UND;139.43 ;139.425
20.12.004;PISADOR CIEGO ESTACION D - PUNZONADORA;UND;139.97 ;139.97
13.01.23.006;Sensor de temperatura hermetico Tipo K;UND;140.00 ;140
20.90.24.007;MOTOR PULLEY HUB (349114);UND;140.33 ;140.33
801.09.060;PEAK REFRIGERANTE LONG LIFE 50% (5 GL);UND;142.06 ;142.06
603.01.048;CUELLO DE GANZO CORTO 7G TBI-501 - NACIONAL;UND;142.13 ;142.12692
15.19.026;RODAMIENTO DE RODILLOS ESFERICOS 22210;UND;142.64 ;142.6375
603.04.45.02;PISTON DNC - 32 -25- PPV- A  MARCA ( FLUIDAC);UND;143.40 ;143.3958335
RPTS01S09000009;PUNZON DE CORTE L= 94mm D=15.5mm RF-002       ;UND;143.43 ;143.43
801.15.5562;"G-209 GRILLETE DE ACERO FORJADO ANCLA TIPO LIRA  7/8"" 6.5 T FS 6:1SRL";UND;143.75 ;143.74724
606.02.507.1;RESORTE VERDE EXT. 35MM, INT.18MM, LONG. 80MM, PASO 8.7MM, ESP.ALAMBRE 8.5MMx5.7MM;UND;144.79 ;144.794
HERRMEC01000126;BROCA CORONA CARBURADA 19 X 50MM;UND;144.82 ;144.82066
602.02.1006;"POLIURETANO Ø2"" X 0.50mts";UND;145.00 ;145
801.15.4017;CONJUNTO DE CABLES ENCENDIDO - 2822859;UND;145.31 ;145.31
603.02.500;RELOJ DIGITAL PARA PARED;UND;145.32 ;145.3245453
603.04.450;MINI PISTON MODELO PB16X30U;UND;146.69 ;146.69
RPTS01S09000008;PUNZON DE CORTE L= 94mm D=16mm RF-002      ;UND;146.85 ;146.845
21.76.01.002;MANGUERA FLEXIBLE DE 3 MT PARA ASPIRADORA CHASQUI;UND;148.38 ;148.3794286
603.02.494;Sealing,Mod.ZM ProCutter DF, Nº P0595-59131;UND;148.68 ;148.68
605.03.622;PULSADOR DE EMERGENCIA - XB4BS8442 - 1 NC;UND;148.72 ;148.7157667
801.15.3055;INTERRUPTOR PARA ANTORCHA HYPERTHERM 85;UND;148.80 ;148.8
603.05.040;TUBO DE ASPIRACION COMPLETO CP: 390130;UND;149.25 ;149.245
20.97.02.001;HY CAP PMX 65A/85A;UND;149.57 ;149.572
603.05.001;"TUBO DE ASPIRACION COMPLETO ""GEMA"" COD:33-9130";UND;150.05 ;150.0510002
15.15.05.005;"MANOMETRO VERTICAL  DIAL 2 1/2"" C/G 400/6000BAR/PSI 1/4 NPT";UND;151.39 ;151.39
20.53.02.120.220;"ELECTROVALVULA 3/2 – ½"" BOBINA 220VAC.";UND;152.04 ;152.035
801.01.262;DETECTOR DE FASE  FOTEK PVR-3;UND;152.54 ;152.54
RPTS01S03000627;PS 190-169-8.1 PISTON SEAL PTFE 2PC BS;UND;152.54 ;152.542373
801.15.1464;RETEN NEUMATICO Øext 360mm Øint 329mm Altura 14mm;UND;152.54 ;152.543333
20.90.12.007;DRIVE SHAFT HUB (349128);UND;153.05 ;153.05
606.01.015;TONER HP 1020 COD Q2612A;UND;153.27 ;153.2665409
801.15.4024;OJAL - 922826;UND;154.69 ;154.69
604.04.356;RELE TERMICO 3Ø DE RANGO DE 2 - 4A;UND;156.30 ;156.295
20.11.04.05.001;MATRIZ SQ 5 – PUNZONADORA;UND;156.36 ;156.3592857
601.02.004;BALON STARGOLD 20 AGAMIX - 10 MT3;UND;156.43 ;156.4285714
409.18.905.04;RODAMIENTO CONICO 32014-X;UND;157.24 ;157.235
801.15.3224;Relay de 4 pines 24V 70A;UND;157.50 ;157.5
25.33.01.012;FRESA CARBURADA DE ESPIGA RECTA Ø 12MM;UND;159.29 ;159.28662
RPTS01S03000619;BOCINA D=36mm L=17.6mm RF-002       ;UND;160.51 ;160.505
20.90.74.001;Tip bearing  EG-22;UND;161.55 ;161.55375
20.90.67.001;Remote Controll Receiving Aerial  1000mm;UND;161.57 ;161.57
605.03.402;FILTRO DE AIRE;UND;161.75 ;161.75
20.10.02.30.001;PUNZÓN RD 30 – PUNZONADORA;UND;161.93 ;161.9301765
20.90.52.005;LIFTING WHEEL 100 X 50;UND;163.08 ;163.0750003
603.02.941;CHUMACERA F-208;UND;164.34 ;164.3376669
603.02.021;CRUCETA FLEXIBLE DE POLIURETANO  -SPIDEX 28 (CORONA DENTADA);UND;165.00 ;165
20.90.20.005;HUB - MOTOR SPROCKER (MANGUITO DE REDUCTOR) - 349126;UND;166.67 ;166.665
RPTS01S03000618;BOCINA D=36.85mm L=17.6mm RF-002       ;UND;167.34 ;167.335
604.03.478;BOBINA AC220V, MF J10 -27YC, 3 PINES;UND;168.35 ;168.35
RPTS01S10000530;UNIDAD FR QBM1 1/4 10BAR 40M       ;UND;168.96 ;168.958313
801.15.4026;TAPA DE ACEITE - 922197;UND;170.57 ;170.57
602.01.063;REPUESTO DE VISOR 3M 6898 P/MASCARA PANORAMICA;UND;172.95 ;172.946312
20.90.58.001;DRIVING WHEEL 100 X 50;UND;172.99 ;172.9925
603.01.360.04;GRUPO DE PRESIÓN W000050140;UND;173.15 ;173.145
601.01.207;MAMELUCOS IMPERMEABLES PARA EXTREMO con acolchado THINSUALTE 3M;UND;173.35 ;173.3515062
13.23.05.002;RELE HFV4  024-1Z6SG   24V DC 20A/10A;UND;175.00 ;175
15.51.002;Gatillo - completo incl pos. 3 (GEMA - 1001 341);UND;178.24 ;178.2411108
801.01.117;MICROMETRO P.EXT.40A   0-25MM;UND;178.45 ;178.4549998
801.12.029;JUEGO DE MACHO M10 MARCA DORMER;UND;178.88 ;178.88154
13.30.01.038.222;CONTACTOR LC1D18 D/BOBINA 1NA+1NC 24V 50/60HZ;UND;179.72 ;179.72
9.54.01.012;SELLO METALICO TC USA 25002251;UND;179.91 ;179.905
801.15.4022;CABEZA DE CILINDRO OJAL  - 922770;UND;181.70 ;181.6983333
28.22.03.600;FUENTE DE PODER DE 600W COOLER MASTER;UND;183.89 ;183.885625
605.01.524.1;RODAMIENTO DE DOBLE HILERA 5306 TNG C3 NSK;UND;184.69 ;184.686667
801.15.7049;CAPACITOR RS 34 (14) COD. RIELLO = 20087030;UND;185.88 ;185.88158
15.47.02.003.2;RETEN NEUMATICO DI 365 X DE 386MM ANCHO 14MM;UND;186.44 ;186.4406
801.01.317;JUEGO EXTRACTORES DE O-RING PROFESIONALES, 4 PCS (GANCHO, PUNZÓN, PICO DE 90°, PICO DE 45°);UND;187.15 ;187.1474998
016.04.04.343;KIT COMPLETO BOBINA QR-DIN 43650A,PLUG,CLIP,110V.GOYEN,COD.KO301;UND;187.61 ;187.6103334
15.19.03.052;RODAMIENTO 22211RHRW33;UND;187.74 ;187.735
12.93.01.032;PORTA CUCHILLA – LAMA  QEFS32N;UND;187.81 ;187.81
20.90.54.003;A-DRIVING LOCALIZATIONAXLE SLEEVE 84 X 18 MM;UND;187.90 ;187.8950003
601.01.17;Filtro de Tela Mod. 7D55 especial;UND;189.13 ;189.1320002
9.54.01.005;SELLO 125-140-11;UND;189.84 ;189.835
409.02.007;RIEL STANLEY LAC 2.00 X 6000 MM;UND;190.00 ;190
801.15.6967;CUELLO DE GANSO 450 A LIGHTNING  64-5160;UND;191.05 ;191.0533333
604.01.049.1;CAJA BOTONERA CON PULSADOR DE EMERGENCIA TIPO HONGO;UND;195.00 ;195
15.90.09.001;MANGUITO ROSCADO COMPLETO  (1000 948);UND;196.71 ;196.7052
606.01.915;TONER HP LASER JET P2035n COD CE5050A;UND;198.28 ;198.2838982
15.34.01.010;INSERTO  SEMT13T3AGSN-JM - CAJA  ( 10 UNID);UND;199.48 ;199.475
20.10.04.017;PUNZON ULTRA TEC ESTACION A REDONDO 4,00MM;UND;199.92 ;199.92
26.17.09.001;CIERRA PUERTA HIDRAULICO DE ALTO TRANSITO;UND;200.00 ;200
603.02.728;"VALVULA CHECK 1/4"" NPT - 250 PSI";UND;200.67 ;200.6675
801.15.1985;PIEDRA ROSADA 250X32X76 GR46J CARBORUNDUM;UND;200.82 ;200.8179733
603.01.209;"CUCHILLA DE TRONZAR 5/32"" X 1"" X 7""";UND;202.54 ;202.5370023
409.18.792;ENGRASADORA SKF 1077600H, CON MANGUERA Y BOQUILLA;UND;204.54 ;204.54
20.90.44.001;STEERABLE WHEEL Ø 60 X 27;UND;204.78 ;204.7835508
20.11.002;MATRIZ CIEGA ESTACION B - PUNZONADORA;UND;205.09 ;205.08875
13.05.2.113;SENSOR INDUCTIVO CABEZA RASANTE 22 MM, 2 HILOS- 24VDC;UND;206.07 ;206.0675
801.15.5542;"CASACA PARA FRÍO DELTA PLUS FAST NARANJA  CON CISTAS REFLEXTIVAS TIPO ""H";UND;207.37 ;207.36776
15.67.01.043;FILTRO PARA CORRIENTE RS 34;UND;208.33 ;208.33
12.14.02.006;HOJA SIERRA CINTA PROFILE 3320X27X0.9MM 5/7 DPP;UND;208.90 ;208.8992187
9.54.01.010;SELLO METALICO TC USA 25002195;UND;211.39 ;211.388333
801.12.024;MACHO NPT 3/4;UND;211.86 ;211.86
601.01.073;MODULO ADAPTADOR/EXPANSION EXA1 UNITRONICS;UND;212.18 ;212.1766667
20.90.18.004;GEAR REDUCER IN PULLEY (349059);UND;212.43 ;212.43
15.67.04.020;LENTES DE PROTECCION LASER YHP, RANGO 800-1100nm, P/SOLDADURA LASER, (PROTECTION GLASSES);UND;214.35 ;214.35
20.90.52.007;Lifting Rocker Rok Rings  60x22;UND;215.41 ;215.405
28.03.20.204;Disco duro 1TB sata para laptop;UND;215.58 ;215.58
20.90.54.001;A-DRIVING ECCENTRIC AXLE SLEEVE 6816 ZZ;UND;216.29 ;216.2925
13.44.12.1224;SENSOR DE PROXIMIDAD INDUCTIVO 3 HILOS 12-24V (Cab. Rosante);UND;216.68 ;216.6762
11.14.01.001;MANTA TÉRMICA READY – HEAL II (USA);UND;220.00 ;220
12.14.02.09;HOJA DE SIERRA CINTA PROFILE 3320 X 27 X 0,9MM 8/11 DPP;UND;220.32 ;220.3189999
606.01.014;TONER HP LASER JET Q5949A  IMPRESORA MOD. 1320;UND;221.43 ;221.4304027
801.15.1711;Tinta HP C2P05-AL 62 XL Negro (OJM 200);UND;222.04 ;222.04
28.43.01.003;Telefono Yealink SIP-T21P E2 / POE;UND;223.95 ;223.953333
801.15.1712;Tinta HP C2P07-AL 62 XL Tricolor (OJM 200);UND;225.46 ;225.456
25.1.9.03175.132.293;ACERO -  AF-D3 (2080) 33MM DIAX1000MM FISICO 32.8 MM;UND;225.46 ;225.46
12.14.02.007;HOJA SIERRA CINTA PROFILE 3320X27X0.9MM 4/6 DPP;UND;225.98 ;225.9780836
603.02.231;CHUMACERA;UND;228.82 ;228.815
15.47.02.390.364.13;RETEN NEUMATICO Ø EXT 390MM X Ø INT 365MM X ALT 13MM;UND;230.00 ;230
606.01.348;TINTA HP Nº72  C9374A COLOR GRIS;UND;231.36 ;231.3628571
12.46.01.140.200;JUEGO DE MACHO M14 X 2;UND;231.61 ;231.61
604.04.518;TEMPORIZADOR LADT2 Schneider Electric;UND;233.79 ;233.785
13.03.09.201;INTERRUPTOR AUTOMÁTICO EN CAJA MOLDEADA 3X25 AMPERES, MARCA ABB, MODELO XT1B 160.;UND;234.10 ;234.1
13.03.15.002;INTERRUPTOR HORARIO DIGITAL C/R  0 - 4 AÑOS 230 V ORBIS;UND;234.56 ;234.56
20.90.60.001;Wheels-II  100x50;UND;235.60 ;235.5975
21.72.03.003;"Polea de fierro fundido 6"" x 2B";UND;236.14 ;236.14
18.33.004.09;TORNILLO Y TUERCA DE CARRO LINEAL ( SCREW ANT NUT 2 PAIR );UND;237.47 ;237.47
25.2.05.110.0233;"BRONCE SAE 65 ø 1"" X 500 MM";UND;239.66 ;239.66
13.30.06.01.003;RELE TERMICO 40 - 57 A ZB65-57 XT0B057DC1 EATON;UND;241.00 ;241
15.80.15.349003;"AUGER, COUPLING SHAFT  6""& 9"" (349003)";UND;241.84 ;241.8439998
606.01.403;TINTA P/PLOTTER HP  (Nº 72) NEGRO FOTOGRAFICO C9370A;UND;242.05 ;242.045
801.15.7047;ELETRODO RS 44 / RS 34 (29) COD. RIELLO = 3014037;UND;242.62 ;242.62
12.46.01.120.175;JUEGO DE MACHO M12 X 1.75;UND;242.79 ;242.79006
409.099.018;Cadena Paso 1” DOBLE Asa 80-2R X 10 FT;UND;244.68 ;244.68
603.03.997;ESPARRAGO M24 X 2MM X 1MT;UND;245.51 ;245.505
25.1.20.032.0668;"ACERO  VCL  Ø 1"" 7/8  x 1000 mm";UND;245.60 ;245.6
12.48.004;KIT DE SELLOS DE BOMBA HIDRAULICA MANUAL P16;UND;246.22 ;246.22
15.80.12.200076;ELEV FEED TUBE SLEEVE (200076);UND;246.66 ;246.6575
801.15.4023;JUNTA DE TAPAS DE VALVULAS -922200;UND;247.78 ;247.775
603.04.128;"DIVISOR NEUMATICO 4 SALIDAS MANGUERA N°8 - CONEXION 1/4"" NPT ROSCA G";UND;248.27 ;248.27
603.010.013;BOQUILLA GRACO GRIS 2-13;UND;248.30 ;248.3
603.010.015;BOQUILLA GRACO GRIS 2.15;UND;249.24 ;249.2433333
13.30.02.15.200;CONTACTOR QCC 15-200A / 24V;UND;249.48 ;249.48
20.90.49.001;PHOTOELECTRICITY SWITCH OB500-M18GM60-E4;UND;249.71 ;249.71
603.010.016;BOQUILLA GRACO GRIS 1.13;UND;249.72 ;249.715
603.01.809.01;BARRA DE CONEXIÓN CÓDIGO: 9SM19611-6 BRONCE;UND;250.00 ;250
603.010.017;BOQUILLA GRACO GRIS 2-17;UND;250.15 ;250.145
801.15.1766;Motor Axial Ventilador AC 220V 50/60Hz 0.4A / 80W / 2P (modelo 200Fzy6-S FC);UND;250.60 ;250.6
604.04.342.01;ESTACION DE CONTROL XAL D324 ,  1 NC + 2 NA , MARCA TELEMECANIQUE;UND;252.17 ;252.172
20.90.48.002;Electric current transformer  WBI222;UND;252.43 ;252.43
606.01.365;CABEZAL HP P/ PLOTTER COLOR NEGRO - MATE -AMARILLO COD C9384A;UND;255.68 ;255.6841667
20.96.02.003;VALVULA NEUMATICA 5/3 CA;UND;257.12 ;257.12
602.03.958.07;"ACOPLE DE CADENA KC -5016  ( 5/8"")";UND;257.15 ;257.1533333
604.04.357.01;RELE CONTROL DE FASE RM17TG SCHNEIDER;UND;257.47 ;257.47
801.15.4861;SOLVENTE DIELECTRICO ECOLOGICO BIDON 5GL;UND;257.62 ;257.615
25.1.40.050.0900;ACERO VCN Ø 50 X 900 MM;UND;259.11 ;259.105
603.02.431;Electrodo para Quemador RS44 Cod:3014037;UND;260.47 ;260.47
603.02.431.03;Electrodo de Ignicion - 3014037;UND;261.80 ;261.8
20.10.002;PUNZON CIEGO ESTACION B - PUNZONADORA;UND;262.67 ;262.67125
603.04.013;CILINDRO NEUMATICO DOBLE EFECTO Ø63 X 125 C/AMORTIGUACION E IMAN;UND;262.71 ;262.7125
12.46.01.160.200;JUEGO DE MACHO M16 X 2;UND;264.92 ;264.92
20.24.01.001;COUNTER TIMER 6 DIGITOS C17;UND;266.57 ;266.57
801.15.2134;Fusible cartucho HH 12kV 50A 63kA 292mm;UND;267.02 ;267.02
13.97.03.002;CONMUTADOR 403 3 POSICIONES -  603603;UND;267.50 ;267.4998997
606.01.888;TINTA HP Nº 72 P/PLOTTER NEGRO MATTE C9403 A;UND;267.91 ;267.9119898
801.15.4027;ACELERADOR DE CABLE - 8020125;UND;269.12 ;269.12
12.68.05.007;CONECTOR P/REGULADOR DE OXIGENO, C/TUERCA HEXAGONAL Y NIPLE CGA-540, 200BAR, 1/4 NPT, BRONCE;UND;272.41 ;272.405
604.07.061;lampara led magnetica articulada para torno;UND;275.93 ;275.93
602.02.624;Sensor tipo réflex, Modelo: VR-800P ó VR-800N, Marca: OPTEX - FA;UND;276.27 ;276.272
801.15.7048;SONDA RS 44 / RS 34 (28) COD. RIELLO = 3013725;UND;277.28 ;277.28
603.05.944;PIÑON DE 24 DIENTES  Ø 52 mm;UND;279.23 ;279.225
605.03.579;ELEMENTO SILENCIADOR 1.1/2;UND;279.38 ;279.38
603.01.023.1;TOBERA SUPERIOR  (SOLDADURA PUNTO);UND;280.00 ;280
801.15.2111;HE1AN-DC24V PANASONIC- RELE ELECTROMAGNETICO;UND;281.30 ;281.3
12.46.03.580.110;"JUEGO DE MACHO UNC 5/8"" X 11";UND;281.30 ;281.3
605.03.586;ELEMENTO FILTRO DE AIRE IRN 50-60, COD.54672522;UND;281.76 ;281.76
25.47.01.002;BIDON DE SIGMADEX X 25 KG.;UND;290.19 ;290.19
801.15.1745;ESCÁNER LASER INALAMBRICO;UND;292.21 ;292.2113333
603.01.464;"CERAMIC PART BT B2"" CON, PART.29100268";UND;293.62 ;293.6205
801.15.2135;Fusible cartucho HH 12kV 80A 63kA 292mm;UND;295.13 ;295.126667
15.50.01.003;CILINDRO NEUMÁTICO CDQ2B80-150;UND;295.93 ;295.93
603.04.040;EJE ACTUADOR NEUMATICO -2;UND;300.00 ;300
606.01.350;CABEZAL HP P/ PLOTTER COLOR GRAY - PHOTOBLACK COD;UND;300.40 ;300.4
604.04.322;CONTROLADOR  DE TEMPERATURA;UND;302.93 ;302.929246
28.03.20.402;Disco duro SSD M.2  1TB;UND;303.29 ;303.288
603.02.431.02;Electrodo de Ionizacion - 3013725;UND;303.92 ;303.92
604.07.002;REFLECTOR PHILIPS HIGH BAY MDK112 HP I  400W;UND;304.05 ;304.05
801.01.376.01;PISTOLA SH-TI ART.8966 COD. 028.0010;UND;308.18 ;308.18
20.29.01.003;"Valvula de seguridad 160 PSI Modelo SF50, Rosca 1/2"" BSP";UND;313.56 ;313.56
606.01.349;CABEZAL HP P/ PLOTTER COLOR MAGENTA-CYAN COD C9383;UND;314.20 ;314.2
606.02.271;ROLLO DE PLASTICO AZUL DOBLE ANCHO X 50 kg.;UND;314.94 ;314.94
605.03.596;"SILENCIAR ATOMUFFLER 1 1/2"", SYSADVANCE, CÓD.CP388003";UND;315.67 ;315.668
20.90.52.012;SEEGERRING FOR AXIS - 23101012;UND;316.13 ;316.126667
603.01.937;PISTOLA SAGOLA DE  ALTA PRESION;UND;316.30 ;316.3004733
20.11.003;MATRIZ CIEGA ESTACION C - PUNZONADORA;UND;317.60 ;317.6
602.04.016;CE MOTOR ARRASTE 353/403/283;UND;317.78 ;317.784303
15.67.01.045;RUEDA Ø 90MM, ESPESOR 40MM, Ø INTERNO 20MM Y CANAL PARA CHAVETA;UND;319.93 ;319.9275
28.02.12.044;MEMORIA RAM DDR4;UND;321.92 ;321.922
603.01.298;JUNTA DE PLACA DE FLUIDIZACION;UND;323.34 ;323.34
607.01.059;VISUALIZADOR T4WM-N3NJ5C;UND;323.35 ;323.35
602.01.045;MASCARA PANORAMICA C/VISOR P/PINTURA;UND;325.00 ;324.995
603.01.023.2;TOBERA INFERIOR (SOLDADURA PUNTO);UND;325.00 ;325
801.02.134;JUEGO DE BROCAS MILIMETRICAS DE 1mm HASTA 13mm (25 pz);UND;325.75 ;325.75175
21.72.03.001;"POLEA FIERRO FUNDIDO 10 1/2"" X 4B";UND;329.00 ;329
602.02.534.01;GATILLO MOD. 1001 341    (COMPLETO);UND;329.99 ;329.9875
801.15.1251;BATERIA 12VX18AH;UND;341.41 ;341.405
801.15.3879;FILTRO EXTERIOR SPEED-BEND PRO 2600X60;UND;342.28 ;342.28
801.15.2166;SIMATIC S7-1200 POWER MODULE PM1207 COD. 6EP1332-1SH71;UND;342.80 ;342.8
15.80.17.340003;"BEARING FLANGE 1 3/4"" 4-BOLT (340003 )";UND;343.92 ;343.92
20.90.48.001;ELECTRIC CURRENT SENSOR CE-IM04;UND;349.60 ;349.596
89.03.046.003.15;PIEDRA PARA RECTIFICADORA A46 K3 V15;UND;352.26 ;352.2613333
13.30.04.220.01;CONTACTOR  DE 24 VAC -32 A - TRIFASICO - RIEL DIN;UND;354.24 ;354.24
20.77.01.001;BEARING 22216 E - ROLL FORMING;UND;355.96 ;355.9575732
801.15.1623;CHECK VALVE G1/8 6X4 NOZZLE0,7 / Cod.2204154601 (GA 22P);UND;356.86 ;356.86
15.50.11.320.0200;CILINDRO NEUMATICO DE DOBLE EFECTO C/IMÁN Ø 32MM X 200MM;UND;357.12 ;357.12
20.90.33.004;SPROCKET - MOTOR (349184) 20D;UND;364.30 ;364.3
RPTS01S10000532;UNIDAD FR+L QBM4 1/2 10BAR 40M       ;UND;364.71 ;364.705933
20.90.69.001;Coupled connector A  WAP;UND;370.21 ;370.21
20.90.69.002;Coupled connector B  WAP;UND;370.21 ;370.21
20.90.52.001;LIFTING ECCENTRIC COMPONENTS 84 X 38.5 MM;UND;372.42 ;372.4225003
15.67.04.017;LENTE DE ENFOQUE P/SOLDADURA LASER, duración 2 Años(Focus lens);UND;373.34 ;373.335
20.82.01.112.121;"CADENA PASO 1 1/2"" SIMPLE ASA  120-1R";UND;380.62 ;380.6214286
21.72.03.008;"POLEA FIERRO FUNDIDO CANAL V 4"" x 2A";UND;381.86 ;381.86
602.02.612;SENSOR LASER BGS - PNP OPTEX FA ZL-30;UND;382.50 ;382.5
20.90.35.006;CLAMP MANUAL – VERTICAL HOLD/DOWN CLAMP – 210 U;UND;384.53 ;384.525
801.14.002;TORTUGA P/DESPLAZAMIENTO DE 12TN;UND;389.83 ;389.83
20.96.01.005;VALVULA DE ALIVIO DE PRESION Y/O SEGURIDAD MECANICA RANGO DE 0 A 10 BAR;UND;391.53 ;391.53
20.90.33.002;SPROCKET - AUGER (349381) 21D;UND;392.88 ;392.8771998
20.10.02.50.001;PUNZÓN RD 50 – PUNZONADORA;UND;392.90 ;392.895
26.17.10.004;CORTINA PARA PROTECCION DE SOLDADURA 4.2m x 65cm;UND;394.21 ;394.21
801.15.1486;Piñón 10 dientes, acero VCN c/ tmto, chaveta 2 mm x 20mm. Med: Ø 60mm exterior, Ø 25mm int. esp 20mm;UND;400.00 ;400
15.15.05.008;VALVULA REGULADORA DE CAUDAL 3/8;UND;403.43 ;403.43
801.15.3881;FILTRO SUMERGIBLE SPEED-BEND PRO 2600X60;UND;414.34 ;414.34
801.15.1641;RETEN NEUMATICO DE=459MM, DI=433.8MM, ALT=13.8MM (PR-029);UND;415.26 ;415.255
ACCCMP101000168;CERDAS DE LIMPIEZA PARA RANGER;UND;415.85 ;415.84725
605.03.667;PRESOSTATO PEV- 1/4  B-M12-5A RANGO 1-12BAR MARCA FESTO;UND;416.76 ;416.7566667
RPTS01S10000072;"FILTRO REGULADOR FR IND 3/4"" NPT";UND;425.00 ;424.9981358
801.15.2150;"Single Sprocket Z18 1 1/4""";UND;425.62 ;425.616667
28.06.07.223;PULPO MENEKE 32 AMP;UND;429.29 ;429.2857143
20.82.02.114.102;"CADENA PASO 1 1/4"" DOBLE ASA  100-2R";UND;438.93 ;438.925
801.15.4020;JUNTA DE TAPA DE VALVULA - 3675433;UND;439.47 ;439.47
20.90.47.001;DC POWER JLZ100-24S24;UND;439.50 ;439.5
801.15.4014;CUBIERTA BALANCIN DERECHO - 922764;UND;444.11 ;444.11
20.77.01.002;BEARING  22218 - ROLL FORMING;UND;445.59 ;445.5904788
18.33.004.12;ANTORCHA (WELDING TORCH );UND;449.94 ;449.94
20.90.24.006;MOTOR PULLEY (349175);UND;462.73 ;462.7326
12.61.05.920.900;"Esmeril de 9"" GWS 22-230 Bosch";UND;468.18 ;468.1769231
801.01.108;MAQ. ENZUNCHADORA (TENSIONADORA/TENAZA);UND;469.23 ;469.2324998
801.15.4875;CONMUTADOR 5 POSI. Ø 85X150 MM 600V 40A;UND;474.58 ;474.575
15.85.02.002;BRAZO DE BOBINADOR LADO DERECHO;UND;477.55 ;477.546667
15.85.02.001;BRAZO DE BOBINADOR LADO IZQUIERDO;UND;477.55 ;477.546667
15.50.01.50.0011;CILINDRO NEUMATICO SC 50 X 300  AIRTAC;UND;483.13 ;483.125085
21.36.12.370.710;FILTROS DE AIRE TAPA Y ANILLO Ø E370 Ø I267 H710 MM;UND;487.60 ;487.6
20.90.47.002;DC Module  DDF100;UND;492.61 ;492.61
20.90.53.001;AL-FEET SHELL BEARING 140 X 28 MM;UND;492.74 ;492.7387498
20.90.54.002;A-DRIVING  AL-FEET SHELL BEARING 140 X 26 MM;UND;492.78 ;492.7812503
20.90.12.004;DRIVE END SHAFT (349001);UND;493.13 ;493.125
605.03.603;LLANTA 7.00 X 12.;UND;503.37 ;503.365
15.41.01.013;Válvula reguladora-completamente montado 1000064 GEMA;UND;508.06 ;508.055
13.44.07.001;SENSOR RETROFLECTIVO JR-SQ50PW –OPTEXFA – 24VDC;UND;508.23 ;508.23
20.90.63.002;Connector B for Double-Row Chains  WAP;UND;511.59 ;511.59
20.90.63.001;Connector A for Double-Row Chains  WAP;UND;511.59 ;511.59
20.90.52.010;Lifting Rocker  185x92;UND;523.40 ;523.395
801.01.753;CIRCUITO ELECTRÓNICO (DISPLAY) W000232578;UND;530.13 ;530.1282
20.90.41.001;"ELEV DRUM PULLEY LAG KIT 12"" DIA  (304320)";UND;532.12 ;532.12
801.15.5084;CILINDRO COMPACTO ADN-40-80-A-P-A FESTO;UND;532.48 ;532.48
20.90.33.001;SPROCKET - AUGER (349186);UND;533.14 ;533.1390909
604.05.456;PATIN DE BOLAS RECIRCULANTES HSR-35-A1SS(GK) THK;UND;536.27 ;536.27
26.22.03.30.004;LLANTA P/MONTACARGA 7.00-12 12 PR H.T. NYLON BRIDGESTONE  ;UND;543.56 ;543.55626
21.04.2.1160;QUEMADOR ENLOSADO C/CERAMICA NEGRA ESP 1.16;UND;550.00 ;550
13.28.02.800.006;TRANSFORMADOR DE AISLAMIENTO CON LINEA NEUTRA 1,5KW;UND;561.17 ;561.17
20.10.04.015;ENSAMBLE DE PORTAPUNZON ESTACION A;UND;563.11 ;563.108
13.44.04.002.1;"SENSOR TERMOCUPLA TIPO ""K"" C/CABEZAL DE ALUMINIO 3/8"" X 300MM";UND;568.83 ;568.83
605.03.586.2;ELEMENTO FILTRO DE ACEITE CET 01;UND;579.19 ;579.19
20.90.36.001;TORQUE ARM-GEAR REDUCER (349514);UND;580.61 ;580.61
606.03.024;RODAMIENTO 6319 LYC;UND;582.35 ;582.35
15.80.15.349004;"AUGER, INTERNAL SLEEVE 6 & 9 "" (349004)";UND;589.13 ;589.13
602.03.1072;BRONCE SAE 64 - Ø75x 110mm;UND;590.41 ;590.41375
604.05.400;TRANSFORMADOR DE ALTA DE 8000 VOLTIOS;UND;590.86 ;590.86
15.80.15.101166;"AUGER, HARDENED OVERLAY, 9"" AUGER RH 18"" LONG (101166)";UND;607.67 ;607.665
20.90.70.001;Laser Swtich M100;UND;630.78 ;630.775
603.02.484.03;CHILLER FILTER ELEMNT;UND;631.50 ;631.5
13.30.01.038.221;CONTACTOR  LC1D65 SCHINAIDER;UND;652.60 ;652.6
21.36.11.651.1;JUEGO DE PURGA AUTOMATICA - 2901056300;UND;654.12 ;654.12
801.15.4013;CUBIERTA BALANCIN IZQUIERDO - 923649;UND;654.55 ;654.55
20.90.50.001;PROXIMITY SWITCH NBNB-12GM50-EO;UND;655.78 ;655.7796665
20.90.52.002;LIFTING LOCALIZATION AXLE SLEEVE Ø 100 X 50MM;UND;655.86 ;655.85625
603.01.895;MALLA DE ACERO INOX 2400mm x 1200mm (cocada 25mmx15mm espe.1mm);UND;657.47 ;657.47
801.07.014;"ACOPLAMIENTO FLEXIBLE  Ø 2 1/2"" TIPO CRUCETA";UND;659.40 ;659.4
28.11.03.002;Tarjeta de video MSI NVIDIA GeForce GTX 1050 TI, 4GB GDDR5;UND;659.65 ;659.65
13.32.02.20.002;GUARDAMOTOR DE 30A-40A /3 SCHENEIDER ELECTRIC (CON CONTACTOS AXILIARES);UND;685.56 ;685.56
801.15.2171;SIMATIC S7-1200, DIGITAL INPUT SM 1221, 16 DI, 24 V DC, SINK/SOURCE COD. 6ES7221-1BH32-0XB0;UND;704.43 ;704.43
801.15.4177;ELECTROVALVULA 4/3 CENTRO CERRADO 24 VDC;UND;705.00 ;705
15.19.025;LINEAL BEARING (LMF 50) (rodamiento lineal);UND;707.85 ;707.85
801.15.4991;SWITCH 6 POLES 32A K60/12 D 22,5 KEMPPI;UND;738.03 ;738.03155
801.15.1681;FX3U-485ADP-MB - FX3U RS485 ( Ref : RG00228 );UND;738.71 ;738.7133333
602.02.976.1;GANASCIA MORSA MOBILE SH336HH  COD:007.4173;UND;741.02 ;741.02
20.53.02.121.220;Electroválvula hidráulica 4/3 bobina 220v con centro cerrado DSG-3C2-N-01 HYSTAR;UND;750.83 ;750.83
20.10.004;PUNZON CIEGO ESTACION D - PUNZONADORA;UND;761.44 ;761.43625
605.03.484;VALVULA SELONOIDE 2 /2 230VAC, EATON;UND;773.95 ;773.95
602.02.976.5;GANASCIA MORSA FISSA DESTRA SH 330 HH;UND;792.82 ;792.82
28.03.20.404;Disco Duro IBM 1TB 7.2K 6Gbps;UND;803.44 ;803.44
13.31.01.030.220;VARIADOR DE FRECUENCIA DE 03HP  220VAC MODELO VFD022E23A  MARCA DELTA;UND;812.43 ;812.4333333
21.3614.370.711;FILTRO CARTUCHO GW224 - 1000;UND;826.08 ;826.084667
603.01.700;UNIDAD DE FILTRADO COMPLETO (GEMA 1001 147);UND;841.06 ;841.06
603.02.436;TURBINA para quemador rs44 COD.3013722;UND;855.83 ;855.83
603.02.505;CENTRO GIRATORIO CONO Nº 5;UND;857.40 ;857.4
801.15.4983;MALLA CERRAMIENTO 30 X 27MM VERDE DE 2 X 30 MT;UND;860.00 ;860
801.15.2149;"Double Sprocket Z18 1 1/4""";UND;863.04 ;863.036667
409.19.721;RODAMIENTO DE RODILLOS 22222 E  MARCA SKF;UND;880.25 ;880.25
13.98.01.016;CUADRO ELECTRONICO PARA RAMPA HIDRA OV RS200L;UND;884.08 ;884.08
603.04.016.1;ELECTROVALVULA  MARCA CEME - SERIES 5 CL 7,5 12VDC -7W-100PSI/TF 145°C /5563NB1;UND;885.98 ;885.98
801.15.4021;CORREA TENSORA -923230;UND;901.29 ;901.29
801.15.4016;DISTRIBUIDOR -928584;UND;921.15 ;921.15
603.02.144.01;RODAMIENTO NU319 LM;UND;960.53 ;960.525
603.05.029;PLACA DE FLUIDIZACION GEMA-390151;UND;972.72 ;972.72
15.15.05.011;VALVULA REGULADORA COMPLETA CP: 1001064;UND;992.19 ;992.19
20.90.66.001;Display  CMD4A2;UND;1,018.88 ;1018.88
605.03.402.4;FILTER REGULATOR AIRTAC BFR 400  COD: 42191135;UND;1,021.62 ;1021.615
20.90.08.001;BLADES B-49 ( 202121 );UND;1,039.53 ;1039.532857
603.04.095.01;MOLLA RICHIAMO TESTA (COD: 010.0954);UND;1,075.59 ;1075.59
603.01.360;ANTORCHA MIG/MAG 400 AMP LIGTNING WE4015-45-2;UND;1,077.17 ;1077.166011
15.80.15.241019;AUGER, HARD BEARING-OLD STYLE (241019);UND;1,105.31 ;1105.305
801.15.2169;SIMATIC S7-1200, DIGITAL I/O SM 1223, 16 DI/16 DO, 16 DI 24V DC, SINK/SOURCE, 16 DO, RELAY 2 A;UND;1,105.51 ;1105.5125
603.02.119;Cable de Pistola completo (1001528) GEMA;UND;1,128.93 ;1128.93
604.04.076.01;SCR - 250 A - TT250N16K0F;UND;1,160.00 ;1160
20.90.34.001;TAIL END SHAFT (349002);UND;1,167.29 ;1167.292111
602.02.976.4;GANASCIA MORSA FISSA SINISTRA SH 330 HH COD : 007.4174;UND;1,183.25 ;1183.25
602.22.022;CATALIZADOR CON MANTO CERAMICO Y MALLA FIBRA DE VIDRIO COD.110-3-29;UND;1,186.02 ;1186.018
203.01.003;CILINDRO CON THINNER ACRILICO X 55 GL;UND;1,197.08 ;1197.083333
20.90.61.001;Transmission Axis-II  W1200;UND;1,211.64 ;1211.64
26.22.07.30.001;LLANTA DELANTERA KKUMHO 300-15 18 PR;UND;1,248.71 ;1248.70939
18.33.004.08;PANEL DE CONTROL ( CONTROL PANEL - LEFT -RIGHT );UND;1,252.67 ;1252.665
20.90.24.023;MOTOR 3.7KW/220VAC/60HZ - 3PH/1715RPM - MARCA WEG;UND;1,274.86 ;1274.86
602.02.976.3;GANASCIA MORSA MOBILE ALIM SH 33 1NC 50 COD : 007.4150;UND;1,286.83 ;1286.83
18.53.02.007;PALLET TRUCK 682 MM X 2400 MM - PU NYLON WHEEL;UND;1,292.82 ;1292.823333
13.55.01.575;ARRANCADOR DE ESTADO SÓLIDO 220VAC - 575VAC / SSW-07 / EXSSWO7 0017 T5SZ / WEG;UND;1,330.51 ;1330.51
15.80.18.903223;"VALVE, SOLENOID 1 1/2"" (903223)";UND;1,367.95 ;1367.9475
601.01.025;Separador Aceite 2180 2903 0351 01 (Atlas Copco GA22);UND;1,367.99 ;1367.99
625.01.50.1140.102;SENSOR DE DISTANCIA OPTICO O5D100 - O5DLCPKG/US, MARCA IFM,CONECTOR EVC001;UND;1,370.95 ;1370.95
20.90.52.003;LIFTINF AXLE BEARING W1200;UND;1,403.89 ;1403.8875
801.15.4028;CONJUNTO DE INTERUPTOR - 929625;UND;1,425.42 ;1425.42
20.90.21.001;IMPELLER HUB (202192);UND;1,455.54 ;1455.5375
13.03.10.002;INTERRUPTOR DE CONMUTACION ENGANCHE 500V 25A 8 (Off-FHI-Off-RHI - Off-RLOW-Off-FLOW);UND;1,501.50 ;1501.5
801.15.3998;KIT FILTER GX15-22 COD:2901086601;UND;1,528.17 ;1528.17
20.79.01.190.137;CLUCH D190 x 137;UND;1,578.45 ;1578.45
20.79.01.190.142;CLUCH D190 x 142;UND;1,578.45 ;1578.45
20.90.75.001;Electrical Voltage sensor  VM02;UND;1,605.31 ;1605.31
801.15.1722;Hydraulic piston model FA diameter 50X25ST;UND;1,617.99 ;1617.99
801.15.2167;"SIMATIC HMI, KTP400 BASIC, BASIC PANEL, KEY/TOUCH OPERATION, 4"" COD. 6AV2123-2DB03-0AX0";UND;1,680.08 ;1680.08
602.01.181;CASCADA POLARIDAD NEGATIVA GEMA;UND;1,773.11 ;1773.105
801.05.635;WATER TREATMENT KIT YE/MET 60,COD.18810083;UND;1,823.89 ;1823.89
20.10.04.012;ADAPTADOR PARA MATRIZ EN ESTACIÓN D EN TORRETA ALTA PARA ACEPTAR MATRIZ DE ESTACIÓN C TORRETA ALTA;UND;1,832.60 ;1832.6
604.01.155.01;CONTROLADOR DE MEMORIA RMG 88.G2C2 GAS  / 220 VAV - 60 HZ - SIEMENS;UND;1,852.56 ;1852.56
604.07.092;INTERRUPTOR TERMOMAGNETICO 3 X 400 AMP DE CAJA MOLDEADA;UND;1,888.00 ;1887.995
604.05.531;"DOBLE VALVE TOP AIR DVX-15,2694310-0543-AC220V-G 3/4""";UND;1,946.70 ;1946.703333
12.21.01.009;VIBRADORA GASOLINERA CON MAGUERA D 1 1/2;UND;1,957.49 ;1957.49
13.98.01.015;CENTRAL MUELLE HIDRA MOTOR 1 CV con valvula de CC. REF.;UND;2,169.91 ;2169.905
15.67.01.052;SENSOR LEUZE HT46;UND;2,254.96 ;2254.96
801.15.2168;SIMATIC S7-1200, CPU 1215C, COMPACT CPU, DC/DC/DC COD. 6ES7215-1AG40-0XB0;UND;2,258.32 ;2258.32
603.04.104.01;MOTORE P/P FL865TH156 - 5708 AL  (019 .3407 );UND;2,314.63 ;2314.63
602.02.976.2;GANASCIA MORSA FISSA ALIM SH 331 NC 50 COD: 007.4149;UND;2,382.43 ;2382.43
801.15.4958;ELEMENTO PARKER DOMINICK HUNTER K145 AA ;UND;2,455.57 ;2455.57
801.15.4957;ELEMENTO PARKER DOMINICK HUNTER K145 AO ;UND;2,455.57 ;2455.57
607.07.095;CABLE DE TEACH PENDANT 10M (CELDA ROBOTICA LINCOLN);UND;2,463.66 ;2463.655556
15.95.01.001;GRUPO NEUMÁTICO COMPLETO (GEMA – 1001 029);UND;2,474.26 ;2474.26
18.33.004.11;ALIMENTADOR ( FEEDER );UND;2,505.48 ;2505.48
13.98.01.050;CENTRAL MUELLE HIDRA MOTOR 1.5 CV con valvula de CC. REF.2658003;UND;2,709.79 ;2709.79
801.15.4956;ELEMENTO PARKER DOMINICK HUNT K145 ACS  ;UND;2,909.43 ;2909.43
20.90.73.001;Remote Controll Receiver  SESAM800;UND;3,057.87 ;3057.87
20.10.04.011;ADAPTADOR GUÍA DE PUNZÓN EN ESTACIÓN D PARA ACEPTAR GUÍA DE PUNZÓN ESTACIÓN C DE TORRETA ALTA;UND;3,065.44 ;3065.44
20.90.04.002;"BEARINGS 2"" SPHERICAL (349369)";UND;3,208.15 ;3208.1525
20.90.68.003;ENCODER HENGSTLER 0533086;UND;3,834.60 ;3834.6
21.86.01.001;ELECTRONIC CONTROL MODULE MANTAL MODELO XE 140W;UND;4,133.76 ;4133.755
603.01.1300;FAN AIR/OIL COOLER GA22 60 HZ/ 220 V (2203 0488 00);UND;4,147.57 ;4147.57036
A.33611.01.12.LEN-04;Lenovo ThinkCentre i7 Ultra 265;UND;4,470.49 ;4470.48504
28.03.20.411;SSD 128 GB - Codigo: 65686452;UND;4,794.60 ;4794.6
15.80.19.0002;ROLLERS (UPPER/LOWER) - ROLL DE VIGAS        ;UND;4,989.08 ;4989.078202
20.90.24.003;MOTOR - 2HP / 1760 RPM (300034);UND;5,019.10 ;5019.1
801.15.2151;"Double Sprockets (Rack line)
(DRAWING 3- 3EA, 4 - 3 EA";UND;5,155.47 ;5155.473333
601.01.1159;PLC MITSUBISHI ELECTRIC  FX3U- 16MR/DS;UND;5,319.44 ;5319.438
15.80.19.0022;RODILLOS DE VIGAS ESTACION 2 (SUPERIOR E INFERIOR), SCM415/KS, CROMO DURO;UND;6,127.69 ;6127.685455
801.15.1727;RACK ROLLER PART 14-1;UND;6,190.66 ;6190.66
801.15.1728;RACK ROLLER PART 15-1;UND;6,190.66 ;6190.66
801.15.1729;RACK ROLLER PART 16-1;UND;6,190.66 ;6190.66
15.80.19.0023;RODILLOS DE VIGAS ESTACION 3 (SUPERIOR E INFERIOR), SCM415/KS, CROMO DURO;UND;6,270.27 ;6270.270645
13.98.01.200;ANALISADOR O2 SENZTX-100 0-1000PPM 4-20MA ZIRCONIO;UND;6,274.17 ;6274.17
12.21.01.004;"Cortadora de piso (Dynamic). Modelo CC1218 capacidad disco 12""-18"". Motor Honda Gasolinero";UND;6,332.64 ;6332.64
801.15.3550;UNIDAD DE FRENO TRIFASICO 200V,55KW/75HP FR-BU2-55K;UND;6,805.47 ;6805.47
18.48.01.004;SPARED BATTERY WAP;UND;7,640.67 ;7640.66625
15.80.19.0017;RODILLOS DE POSTES ESTACION 15 (SUPERIOR E INFERIOR), SCM415/KS, CROMO DURO;UND;7,712.47 ;7712.467639
15.80.19.0018;RODILLOS DE POSTES ESTACION 16 (SUPERIOR E INFERIOR), SCM415/KS, CROMO DURO;UND;7,712.47 ;7712.467639
20.90.18.002;GEAR REDUCER 40 :1 (300050);UND;8,680.10 ;8680.1
12.45.04.005;Ultraform  D Station Louver continuos lower Insert - XAVDD0LL04;UND;9,956.50 ;9956.5
20.90.54.006;Driving Motor  Dunkermotoren;UND;10,162.48 ;10162.48
15.80.19.0015;RODILLOS DE POSTES ESTACION 13 (SUPERIOR E INFERIOR), SCM415/KS, CROMO DURO;UND;10,573.03 ;10573.03453
18.90.05.002;LITHIUM NMC 1100W  3000 cycles;UND;11,707.76 ;11707.75833
801.15.1626;SENSOR INSERT SE ProCutter F200 / P0595-59120;UND;12,021.70 ;12021.7
801.15.3868;Spare Batterie 48V/20Ah;UND;13,931.61 ;13931.61154
20.32.01.001;I pendant controlador;UND;19,128.41 ;19128.41
801.15.3062;VARIADOR DE FRECUENCIA 37KW, 200-240V TRIFASICOS, FR-A820-01870-E170 - MITSUBISHI;UND;25,085.29 ;25085.29
801.15.5122;CRANK SHAFT POS.19-N°P. S45C-MOD. BS-120;UND;27,877.84 ;27877.84
18.53.05.001;Pallet Runner Delux 1200W*1000 ( Shuttle car + remote control w18 tx + charger);UND;52,703.21 ;52703.20625
603.02.416.1;PROCUTTER 100/200 Q L_C8 / PQ0595 - 1052022;UND;57,810.03 ;57810.03
801.15.3866;Jay Whizz 1012, Radio Shuttle ;UND;87,865.78 ;87865.775
409.09.029;"PERNO CAB.  HEX. M14 X 1"" PASO 1.5  - FN GRA 5";UNID;6.36 ;6.355
409.12.1148.1;ESPARRAGO 3/8  X 1.0 MTR FN  GRADO 8;UNID;10.29 ;10.29
604.02.549;"DIAFRAGMA DE 1"" PARA BOMBA YAMADA - MODELO NDP-25";UNID;601.76 ;601.76
199.ENG.40.0028.0064;ENGRANE DE TIMON CORREDIZO ZINCADO;UNIDAD;0.00 ;0
604.04.076.4007;DIODO RECTIFICADOR 1N4007;UNIDAD;0.09 ;0.085
604.05.506;TERMINAL TUBULAR CON AISLAMIENTO KS1/0.5-1/CON PIN;UNIDAD;0.26 ;0.25635
603.02.251.20;POTENCIOMETRO B DE 12 KILO OHMIOS;UNIDAD;0.51 ;0.508
15.90.09.002;MANGUITO D EMPALME VSTN /1.5 - 2.5 /WEIDMULLER;UNIDAD;1.39 ;1.394592593
14.07.10.014;"CONECTOR CONDUIT IMC 3/4""";UNIDAD;2.60 ;2.6
604.05.069.001;"caja tipo LB conduit de 1 1/2""";UNIDAD;15.32 ;15.32
15.47.06.007;Reten de cuerpo metalico  D int 35mm - Dext 55 - Altura 8mm;UNIDAD;46.20 ;46.2
603.02.411.500;TENAZA DE TIERRA 500A;UNIDAD;78.98 ;78.982
409.18.753.2;Reten Radial en Viton 65x82x12;UNIDAD;101.59 ;101.5925
13.03.05.018;Interruptor termomagnetico de 3x4A/220 VAC/DIN Schneider Electric;UNIDAD;164.44 ;164.44
20.96.01.002;"VALVULA DE SEGURIDAD 150 PSI - 1/2"" / NPT SRV530-1/2-150.";UNIDAD;184.69 ;184.6876952
14.25.01.10.017;Regulador Baja Presión In1”/Out1”/1.4 bar/6”-15” W.C./ Flow 14.2 m3/h/Posición D;UNIDAD;500.43 ;500.425
13.31.01.050.220.002;VARIADOR DELTA 5HP /220V/ MOD VFD037C23A;UNIDAD;1,493.71 ;1493.71
20.10.04.002;ULTRAFORM ESTACIÓN B SNAPLOCK ENSAMBLE COMPLETO INCLUYE PORTA / PARTE SUPERIOR / PARTE INFERIOR.;UNIDAD;5,997.01 ;5997.01
